store_id,age_group,pct_customers_age,pct_male,pct_female,pct_nonbinary
MCD_001,18-24,0.0934325752581428,0.52,0.48,0.02
MCD_001,25-34,0.28230967578455085,0.48,0.52,0.05
MCD_001,35-44,0.3155071186508679,0.6,0.4,0.03
MCD_001,45-54,0.2614963019724277,0.58,0.42,0.03
MCD_001,55-64,0.04364511527653265,0.52,0.48,0.04
MCD_001,65+,0.0036092130574782223,0.49,0.51,0.04
MCD_002,18-24,0.12322290665702766,0.4,0.6,0.02
MCD_002,25-34,0.10931593823094295,0.41,0.59,0.05
MCD_002,35-44,0.2599532484577893,0.55,0.45,0.02
MCD_002,45-54,0.1624556010974565,0.57,0.43,0.05
MCD_002,55-64,0.24759779949464034,0.46,0.54,0.01
MCD_002,65+,0.09745450606214302,0.4,0.6,0.02
MCD_003,18-24,0.14036119828763588,0.46,0.54,0.01
MCD_003,25-34,0.05041945283814335,0.58,0.42,0.03
MCD_003,35-44,0.3739137858373469,0.47,0.53,0.01
MCD_003,45-54,0.2285520201068529,0.6,0.4,0.02
MCD_003,55-64,0.08503201823843273,0.49,0.51,0.05
MCD_003,65+,0.12172152469158816,0.45,0.55,0.02
MCD_004,18-24,0.15948762243572026,0.45,0.55,0.05
MCD_004,25-34,0.0575642310720305,0.59,0.41,0.05
MCD_004,35-44,0.3301539936756439,0.58,0.42,0.03
MCD_004,45-54,0.31052960151235826,0.41,0.59,0.01
MCD_004,55-64,0.06388460053674666,0.54,0.46,0.03
MCD_004,65+,0.0783799507675005,0.45,0.55,0.02
MCD_005,18-24,0.4374139309393973,0.56,0.44,0.03
MCD_005,25-34,0.1646802296172163,0.43,0.57,0.05
MCD_005,35-44,0.10554855477674766,0.41,0.59,0.02
MCD_005,45-54,0.1665708152826729,0.45,0.55,0.04
MCD_005,55-64,0.08964450930098106,0.44,0.56,0.04
MCD_005,65+,0.03614196008298477,0.49,0.51,0.05
MCD_006,18-24,0.07652221900696124,0.41,0.59,0.04
MCD_006,25-34,0.24386537750740286,0.48,0.52,0.03
MCD_006,35-44,0.3649264560896231,0.5,0.5,0.02
MCD_006,45-54,0.1938915198758463,0.41,0.59,0.02
MCD_006,55-64,0.10733561615483528,0.52,0.48,0.04
MCD_006,65+,0.01345881136533115,0.4,0.6,0.03
MCD_007,18-24,0.20227622060293265,0.56,0.44,0.02
MCD_007,25-34,0.30133939161894346,0.49,0.51,0.05
MCD_007,35-44,0.25048548150481303,0.41,0.59,0.05
MCD_007,45-54,0.1750725829556111,0.52,0.48,0.03
MCD_007,55-64,0.04107287244367027,0.5,0.5,0.04
MCD_007,65+,0.02975345087402943,0.54,0.46,0.01
MCD_008,18-24,0.22336295752580493,0.46,0.54,0.05
MCD_008,25-34,0.19766856653005738,0.45,0.55,0.01
MCD_008,35-44,0.26823294190409264,0.58,0.42,0.05
MCD_008,45-54,0.10556646462889631,0.54,0.46,0.01
MCD_008,55-64,0.0739839969159261,0.51,0.49,0.05
MCD_008,65+,0.13118507249522268,0.54,0.46,0.04
MCD_009,18-24,0.18081950520011097,0.54,0.46,0.02
MCD_009,25-34,0.14709090241526313,0.41,0.59,0.02
MCD_009,35-44,0.20880282834423802,0.49,0.51,0.03
MCD_009,45-54,0.19020594013125433,0.44,0.56,0.02
MCD_009,55-64,0.20926135495762502,0.56,0.44,0.03
MCD_009,65+,0.06381946895150856,0.56,0.44,0.03
MCD_010,18-24,0.1049545573845963,0.57,0.43,0.04
MCD_010,25-34,0.3177373248430461,0.58,0.42,0.04
MCD_010,35-44,0.17411487334654205,0.46,0.54,0.04
MCD_010,45-54,0.09179993118117731,0.42,0.58,0.01
MCD_010,55-64,0.2813277767537658,0.57,0.43,0.03
MCD_010,65+,0.030065536490872565,0.42,0.58,0.02
MCD_011,18-24,0.0569055518128948,0.43,0.57,0.04
MCD_011,25-34,0.2899595227694081,0.58,0.42,0.02
MCD_011,35-44,0.18924428532740847,0.54,0.46,0.03
MCD_011,45-54,0.2746512725312362,0.48,0.52,0.04
MCD_011,55-64,0.17531380081362224,0.53,0.47,0.02
MCD_011,65+,0.013925566745430116,0.57,0.43,0.02
MCD_012,18-24,0.1995810388327166,0.43,0.57,0.02
MCD_012,25-34,0.05684021993700216,0.48,0.52,0.03
MCD_012,35-44,0.25953886105017526,0.56,0.44,0.03
MCD_012,45-54,0.23356979931177066,0.54,0.46,0.04
MCD_012,55-64,0.10663421718859649,0.59,0.41,0.04
MCD_012,65+,0.14383586367973888,0.44,0.56,0.04
MCD_013,18-24,0.13493947201224768,0.46,0.54,0.04
MCD_013,25-34,0.10800603148643646,0.6,0.4,0.03
MCD_013,35-44,0.4816234468099132,0.51,0.49,0.02
MCD_013,45-54,0.20300816803019375,0.45,0.55,0.01
MCD_013,55-64,0.06062473556354449,0.5,0.5,0.03
MCD_013,65+,0.011798146097664547,0.55,0.45,0.03
MCD_014,18-24,0.12059015156224835,0.51,0.49,0.02
MCD_014,25-34,0.10830564652571104,0.4,0.6,0.05
MCD_014,35-44,0.1707252712613911,0.48,0.52,0.04
MCD_014,45-54,0.3097626439386955,0.41,0.59,0.02
MCD_014,55-64,0.28331364480883703,0.42,0.58,0.03
MCD_014,65+,0.007302641903117205,0.54,0.46,0.02
MCD_015,18-24,0.02607979781154171,0.48,0.52,0.03
MCD_015,25-34,0.20701320065102558,0.49,0.51,0.04
MCD_015,35-44,0.367305594138493,0.41,0.59,0.02
MCD_015,45-54,0.2968304000866781,0.46,0.54,0.03
MCD_015,55-64,0.09529727696787223,0.59,0.41,0.02
MCD_015,65+,0.007473730344389386,0.59,0.41,0.02
MCD_016,18-24,0.10382133958758204,0.53,0.47,0.02
MCD_016,25-34,0.3028327483408093,0.42,0.58,0.03
MCD_016,35-44,0.25328930520074305,0.6,0.4,0.02
MCD_016,45-54,0.052813441179673834,0.46,0.54,0.04
MCD_016,55-64,0.2251401012643825,0.47,0.53,0.01
MCD_016,65+,0.062103064426809296,0.56,0.44,0.01
MCD_017,18-24,0.11597623216434301,0.42,0.58,0.01
MCD_017,25-34,0.03915165331266654,0.45,0.55,0.02
MCD_017,35-44,0.2010660581274011,0.51,0.49,0.02
MCD_017,45-54,0.2917050918139903,0.51,0.49,0.04
MCD_017,55-64,0.33324961359314453,0.58,0.42,0.02
MCD_017,65+,0.018851350988454522,0.52,0.48,0.01
MCD_018,18-24,0.03338182256316645,0.56,0.44,0.01
MCD_018,25-34,0.23704399185033964,0.47,0.53,0.05
MCD_018,35-44,0.27688469630900375,0.43,0.57,0.02
MCD_018,45-54,0.30644670491730747,0.55,0.45,0.03
MCD_018,55-64,0.035637394029541594,0.46,0.54,0.02
MCD_018,65+,0.1106053903306411,0.48,0.52,0.02
MCD_019,18-24,0.10348951017001211,0.48,0.52,0.04
MCD_019,25-34,0.08481585087968954,0.59,0.41,0.02
MCD_019,35-44,0.21407627145490185,0.51,0.49,0.01
MCD_019,45-54,0.3746529298073847,0.54,0.46,0.03
MCD_019,55-64,0.057233875534681185,0.58,0.42,0.04
MCD_019,65+,0.16573156215333062,0.49,0.51,0.01
MCD_020,18-24,0.053103641614984785,0.6,0.4,0.03
MCD_020,25-34,0.11630031361170619,0.59,0.41,0.02
MCD_020,35-44,0.5714061949031459,0.54,0.46,0.05
MCD_020,45-54,0.18692540425077914,0.42,0.58,0.04
MCD_020,55-64,0.06913945546443172,0.44,0.56,0.03
MCD_020,65+,0.0031249901549522236,0.56,0.44,0.05
MCD_021,18-24,0.02948524233417939,0.49,0.51,0.05
MCD_021,25-34,0.19983346419185033,0.4,0.6,0.05
MCD_021,35-44,0.48344724966827674,0.54,0.46,0.03
MCD_021,45-54,0.19475789147504913,0.51,0.49,0.02
MCD_021,55-64,0.07162912574605085,0.43,0.57,0.04
MCD_021,65+,0.020847026584593455,0.42,0.58,0.05
MCD_022,18-24,0.06389944665271784,0.46,0.54,0.05
MCD_022,25-34,0.23611426300924837,0.43,0.57,0.05
MCD_022,35-44,0.14528305012117587,0.49,0.51,0.04
MCD_022,45-54,0.41869508448557513,0.52,0.48,0.03
MCD_022,55-64,0.05589037650370134,0.52,0.48,0.02
MCD_022,65+,0.08011777922758136,0.5,0.5,0.02
MCD_023,18-24,0.051626513998618846,0.48,0.52,0.05
MCD_023,25-34,0.21663271670488157,0.48,0.52,0.04
MCD_023,35-44,0.4320787014721025,0.59,0.41,0.02
MCD_023,45-54,0.180008435542802,0.51,0.49,0.01
MCD_023,55-64,0.05007660743982239,0.48,0.52,0.04
MCD_023,65+,0.06957702484177271,0.48,0.52,0.02
MCD_024,18-24,0.14217824714235017,0.54,0.46,0.03
MCD_024,25-34,0.23322948414312808,0.47,0.53,0.01
MCD_024,35-44,0.29468391404543093,0.57,0.43,0.02
MCD_024,45-54,0.18788138124104511,0.4,0.6,0.04
MCD_024,55-64,0.08186520537474197,0.56,0.44,0.04
MCD_024,65+,0.060161768053303706,0.53,0.47,0.04
MCD_025,18-24,0.13496131967351893,0.44,0.56,0.04
MCD_025,25-34,0.12259917344706209,0.58,0.42,0.03
MCD_025,35-44,0.31846991721264717,0.55,0.45,0.03
MCD_025,45-54,0.1933748007903958,0.57,0.43,0.02
MCD_025,55-64,0.2280247866309457,0.49,0.51,0.03
MCD_025,65+,0.0025700022454304304,0.46,0.54,0.05
MCD_026,18-24,0.033929617313433795,0.49,0.51,0.02
MCD_026,25-34,0.054050243599441584,0.43,0.57,0.04
MCD_026,35-44,0.2488471900158524,0.46,0.54,0.04
MCD_026,45-54,0.08821928132303378,0.55,0.45,0.02
MCD_026,55-64,0.31057126695169235,0.41,0.59,0.02
MCD_026,65+,0.264382400796546,0.58,0.42,0.04
MCD_027,18-24,0.11845484279835221,0.53,0.47,0.04
MCD_027,25-34,0.09023065885216364,0.53,0.47,0.02
MCD_027,35-44,0.3331936112329715,0.56,0.44,0.04
MCD_027,45-54,0.3097522130855362,0.47,0.53,0.04
MCD_027,55-64,0.04279292392359037,0.49,0.51,0.04
MCD_027,65+,0.10557575010738605,0.48,0.52,0.03
MCD_028,18-24,0.1631796266565338,0.56,0.44,0.03
MCD_028,25-34,0.21936645259516074,0.54,0.46,0.05
MCD_028,35-44,0.1267552915836806,0.51,0.49,0.03
MCD_028,45-54,0.15390803214331603,0.5,0.5,0.02
MCD_028,55-64,0.30109466114735617,0.47,0.53,0.05
MCD_028,65+,0.035695935873952596,0.49,0.51,0.02
MCD_029,18-24,0.127968895848531,0.55,0.45,0.02
MCD_029,25-34,0.3132932546304266,0.55,0.45,0.04
MCD_029,35-44,0.22216472472795326,0.49,0.51,0.05
MCD_029,45-54,0.15038646201831649,0.48,0.52,0.01
MCD_029,55-64,0.15016278993362273,0.56,0.44,0.01
MCD_029,65+,0.03602387284114979,0.4,0.6,0.05
MCD_030,18-24,0.1591342257683973,0.46,0.54,0.03
MCD_030,25-34,0.31125077296731396,0.55,0.45,0.02
MCD_030,35-44,0.15882208548800378,0.6,0.4,0.02
MCD_030,45-54,0.18209562067220586,0.54,0.46,0.04
MCD_030,55-64,0.1790723527672936,0.53,0.47,0.05
MCD_030,65+,0.009624942336785637,0.42,0.58,0.03
MCD_031,18-24,0.13390422720576192,0.46,0.54,0.03
MCD_031,25-34,0.0763398200204376,0.41,0.59,0.04
MCD_031,35-44,0.4398757043504108,0.51,0.49,0.02
MCD_031,45-54,0.0888635611813279,0.51,0.49,0.03
MCD_031,55-64,0.2382316244441708,0.45,0.55,0.04
MCD_031,65+,0.02278506279789083,0.49,0.51,0.03
MCD_032,18-24,0.19716656379534223,0.41,0.59,0.05
MCD_032,25-34,0.10039746762579838,0.56,0.44,0.02
MCD_032,35-44,0.14719698049295094,0.44,0.56,0.04
MCD_032,45-54,0.21748361051590795,0.54,0.46,0.05
MCD_032,55-64,0.12800781749371598,0.44,0.56,0.04
MCD_032,65+,0.20974756007628464,0.53,0.47,0.04
MCD_033,18-24,0.05359144905812782,0.52,0.48,0.05
MCD_033,25-34,0.19159968014802967,0.43,0.57,0.04
MCD_033,35-44,0.23311674713704975,0.42,0.58,0.04
MCD_033,45-54,0.3631325994582481,0.41,0.59,0.02
MCD_033,55-64,0.09563226339023148,0.4,0.6,0.05
MCD_033,65+,0.06292726080831312,0.6,0.4,0.03
MCD_034,18-24,0.06358800258396793,0.53,0.47,0.02
MCD_034,25-34,0.10000819213386314,0.49,0.51,0.01
MCD_034,35-44,0.24829669154408784,0.45,0.55,0.04
MCD_034,45-54,0.30907728141148144,0.51,0.49,0.02
MCD_034,55-64,0.2551559866199838,0.48,0.52,0.04
MCD_034,65+,0.02387384570661573,0.47,0.53,0.04
MCD_035,18-24,0.10339502266343152,0.54,0.46,0.02
MCD_035,25-34,0.13599148467786443,0.58,0.42,0.02
MCD_035,35-44,0.2513535319026723,0.55,0.45,0.01
MCD_035,45-54,0.194961379620743,0.5,0.5,0.02
MCD_035,55-64,0.23839771896047485,0.55,0.45,0.04
MCD_035,65+,0.07590086217481395,0.42,0.58,0.05
MCD_036,18-24,0.13031737614746106,0.49,0.51,0.05
MCD_036,25-34,0.2742030170669087,0.4,0.6,0.05
MCD_036,35-44,0.26919247123348833,0.4,0.6,0.02
MCD_036,45-54,0.11954558893387074,0.56,0.44,0.03
MCD_036,55-64,0.07506345138921393,0.58,0.42,0.01
MCD_036,65+,0.13167809522905716,0.5,0.5,0.03
MCD_037,18-24,0.04249476571258701,0.42,0.58,0.02
MCD_037,25-34,0.23837670056946422,0.59,0.41,0.01
MCD_037,35-44,0.10896965612692348,0.42,0.58,0.03
MCD_037,45-54,0.33033742097164526,0.59,0.41,0.05
MCD_037,55-64,0.05807008833832068,0.6,0.4,0.04
MCD_037,65+,0.22175136828105918,0.43,0.57,0.01
MCD_038,18-24,0.07510942808087685,0.53,0.47,0.04
MCD_038,25-34,0.33921544344668414,0.51,0.49,0.04
MCD_038,35-44,0.40278524940957006,0.53,0.47,0.02
MCD_038,45-54,0.10438470962603232,0.52,0.48,0.04
MCD_038,55-64,0.04986677312445696,0.59,0.41,0.02
MCD_038,65+,0.028638396312379685,0.54,0.46,0.01
MCD_039,18-24,0.04981028959894576,0.54,0.46,0.02
MCD_039,25-34,0.24851717265553308,0.53,0.47,0.01
MCD_039,35-44,0.32826396749007697,0.47,0.53,0.02
MCD_039,45-54,0.22176771122200767,0.41,0.59,0.05
MCD_039,55-64,0.1445623565239383,0.44,0.56,0.01
MCD_039,65+,0.007078502509498247,0.56,0.44,0.03
MCD_040,18-24,0.047634303625500724,0.49,0.51,0.02
MCD_040,25-34,0.115390466367594,0.59,0.41,0.05
MCD_040,35-44,0.20233768540310892,0.41,0.59,0.05
MCD_040,45-54,0.09298108735627543,0.58,0.42,0.02
MCD_040,55-64,0.4716070102618985,0.42,0.58,0.01
MCD_040,65+,0.07004944698562235,0.59,0.41,0.01
MCD_041,18-24,0.11227623391334751,0.42,0.58,0.04
MCD_041,25-34,0.0605862945493407,0.46,0.54,0.03
MCD_041,35-44,0.17890162086981862,0.52,0.48,0.03
MCD_041,45-54,0.26691892028895386,0.58,0.42,0.03
MCD_041,55-64,0.22446323094161985,0.42,0.58,0.01
MCD_041,65+,0.15685369943691954,0.45,0.55,0.02
MCD_042,18-24,0.23765208633548582,0.59,0.41,0.02
MCD_042,25-34,0.1934005541290526,0.54,0.46,0.05
MCD_042,35-44,0.15040165118889487,0.46,0.54,0.01
MCD_042,45-54,0.3307345607511088,0.52,0.48,0.04
MCD_042,55-64,0.0856922866618095,0.57,0.43,0.01
MCD_042,65+,0.002118860933648318,0.58,0.42,0.01
MCD_043,18-24,0.18101831433013993,0.54,0.46,0.02
MCD_043,25-34,0.06743167562223833,0.55,0.45,0.04
MCD_043,35-44,0.27129123018697254,0.42,0.58,0.04
MCD_043,45-54,0.16856743561613738,0.57,0.43,0.02
MCD_043,55-64,0.250088194885455,0.49,0.51,0.02
MCD_043,65+,0.06160314935905677,0.49,0.51,0.03
MCD_044,18-24,0.04188114364281578,0.53,0.47,0.02
MCD_044,25-34,0.3643303172987318,0.58,0.42,0.04
MCD_044,35-44,0.09513186402115786,0.43,0.57,0.04
MCD_044,45-54,0.21913012313111932,0.57,0.43,0.02
MCD_044,55-64,0.1830189298265807,0.58,0.42,0.05
MCD_044,65+,0.09650762207959455,0.43,0.57,0.05
MCD_045,18-24,0.22242917076522323,0.49,0.51,0.04
MCD_045,25-34,0.1834605534292264,0.45,0.55,0.03
MCD_045,35-44,0.2668346601562294,0.58,0.42,0.05
MCD_045,45-54,0.22551526746824355,0.5,0.5,0.02
MCD_045,55-64,0.08338461072113455,0.54,0.46,0.03
MCD_045,65+,0.018375737459943066,0.43,0.57,0.05
MCD_046,18-24,0.11219773622382723,0.54,0.46,0.02
MCD_046,25-34,0.598984374543497,0.58,0.42,0.02
MCD_046,35-44,0.09036751164561505,0.5,0.5,0.04
MCD_046,45-54,0.07686341778531691,0.54,0.46,0.02
MCD_046,55-64,0.08828318916373212,0.54,0.46,0.04
MCD_046,65+,0.03330377063801173,0.6,0.4,0.02
MCD_047,18-24,0.03521978610323613,0.5,0.5,0.02
MCD_047,25-34,0.2993786283795959,0.58,0.42,0.03
MCD_047,35-44,0.18175809464091514,0.44,0.56,0.02
MCD_047,45-54,0.38136491800636324,0.4,0.6,0.04
MCD_047,55-64,0.08132875439308508,0.49,0.51,0.03
MCD_047,65+,0.020949818476804476,0.5,0.5,0.03
MCD_048,18-24,0.03392259022251273,0.5,0.5,0.04
MCD_048,25-34,0.3192141511053145,0.48,0.52,0.02
MCD_048,35-44,0.16088041184776716,0.44,0.56,0.02
MCD_048,45-54,0.30814634154175224,0.49,0.51,0.04
MCD_048,55-64,0.025292786909796305,0.6,0.4,0.05
MCD_048,65+,0.15254371837285705,0.49,0.51,0.01
MCD_049,18-24,0.11190824808318797,0.59,0.41,0.02
MCD_049,25-34,0.13902270960953214,0.5,0.5,0.02
MCD_049,35-44,0.4342529954914454,0.57,0.43,0.02
MCD_049,45-54,0.20917078512688414,0.51,0.49,0.02
MCD_049,55-64,0.086951924948263,0.53,0.47,0.03
MCD_049,65+,0.018693336740687527,0.57,0.43,0.02
MCD_050,18-24,0.1550201743852871,0.5,0.5,0.04
MCD_050,25-34,0.10265512846910811,0.41,0.59,0.05
MCD_050,35-44,0.4715280466575842,0.59,0.41,0.03
MCD_050,45-54,0.08436352553172725,0.6,0.4,0.05
MCD_050,55-64,0.1477460324377966,0.55,0.45,0.02
MCD_050,65+,0.0386870925184966,0.58,0.42,0.04
MCD_051,18-24,0.19690443841316818,0.58,0.42,0.04
MCD_051,25-34,0.24577171005654308,0.44,0.56,0.02
MCD_051,35-44,0.15826917507901483,0.46,0.54,0.02
MCD_051,45-54,0.23700471240005966,0.54,0.46,0.02
MCD_051,55-64,0.16008558571317114,0.54,0.46,0.04
MCD_051,65+,0.0019643783380432394,0.57,0.43,0.03
MCD_052,18-24,0.000710625312782675,0.5,0.5,0.03
MCD_052,25-34,0.2594060097376008,0.47,0.53,0.04
MCD_052,35-44,0.1869618351923361,0.52,0.48,0.02
MCD_052,45-54,0.22529795976300784,0.43,0.57,0.04
MCD_052,55-64,0.2805035478562813,0.52,0.48,0.05
MCD_052,65+,0.04712002213799112,0.57,0.43,0.04
MCD_053,18-24,0.06798202596091125,0.48,0.52,0.01
MCD_053,25-34,0.3484986179742547,0.5,0.5,0.04
MCD_053,35-44,0.2831581746972381,0.48,0.52,0.02
MCD_053,45-54,0.07698528449069224,0.59,0.41,0.01
MCD_053,55-64,0.12758665547572254,0.59,0.41,0.03
MCD_053,65+,0.09578924140118135,0.47,0.53,0.05
MCD_054,18-24,0.14672533721339803,0.6,0.4,0.05
MCD_054,25-34,0.1605421722202267,0.53,0.47,0.03
MCD_054,35-44,0.3250941286277005,0.47,0.53,0.02
MCD_054,45-54,0.33940831336194077,0.5,0.5,0.02
MCD_054,55-64,0.020452318195703877,0.41,0.59,0.02
MCD_054,65+,0.0077777303810302205,0.42,0.58,0.02
MCD_055,18-24,0.1420065817502154,0.44,0.56,0.04
MCD_055,25-34,0.17088028747023778,0.4,0.6,0.03
MCD_055,35-44,0.35767630090503444,0.56,0.44,0.02
MCD_055,45-54,0.13755854502954998,0.41,0.59,0.04
MCD_055,55-64,0.01520108434816381,0.4,0.6,0.05
MCD_055,65+,0.1766772004967987,0.42,0.58,0.04
MCD_056,18-24,0.10103101441285066,0.4,0.6,0.02
MCD_056,25-34,0.209938671618875,0.52,0.48,0.03
MCD_056,35-44,0.14948007676807928,0.41,0.59,0.05
MCD_056,45-54,0.2316722787888586,0.57,0.43,0.01
MCD_056,55-64,0.22499857270884172,0.52,0.48,0.04
MCD_056,65+,0.08287938570249483,0.53,0.47,0.02
MCD_057,18-24,0.16636264898623968,0.6,0.4,0.01
MCD_057,25-34,0.15710007638189133,0.58,0.42,0.01
MCD_057,35-44,0.08811645536717291,0.54,0.46,0.03
MCD_057,45-54,0.16997194722496306,0.54,0.46,0.02
MCD_057,55-64,0.33015702114311557,0.55,0.45,0.05
MCD_057,65+,0.08829185089661755,0.57,0.43,0.03
MCD_058,18-24,0.08528795661736244,0.52,0.48,0.03
MCD_058,25-34,0.17763836185688187,0.56,0.44,0.04
MCD_058,35-44,0.28252704339230944,0.53,0.47,0.02
MCD_058,45-54,0.24072197861492767,0.46,0.54,0.04
MCD_058,55-64,0.15379146638060034,0.43,0.57,0.03
MCD_058,65+,0.06003319313791816,0.42,0.58,0.02
MCD_059,18-24,0.1557124766050232,0.4,0.6,0.03
MCD_059,25-34,0.12880059196494067,0.48,0.52,0.04
MCD_059,35-44,0.31466290114597356,0.5,0.5,0.02
MCD_059,45-54,0.11879615427990457,0.54,0.46,0.05
MCD_059,55-64,0.24788013754285196,0.47,0.53,0.04
MCD_059,65+,0.03414773846130613,0.54,0.46,0.03
MCD_060,18-24,0.08001435795331834,0.46,0.54,0.02
MCD_060,25-34,0.3053380009002829,0.43,0.57,0.01
MCD_060,35-44,0.27435662724600934,0.55,0.45,0.03
MCD_060,45-54,0.2120143472632418,0.51,0.49,0.03
MCD_060,55-64,0.12274288112468665,0.51,0.49,0.01
MCD_060,65+,0.005533785512460859,0.48,0.52,0.04
MCD_061,18-24,0.19821345362589315,0.44,0.56,0.03
MCD_061,25-34,0.19795225135986727,0.57,0.43,0.03
MCD_061,35-44,0.32858298485513265,0.49,0.51,0.04
MCD_061,45-54,0.19392525418724477,0.43,0.57,0.04
MCD_061,55-64,0.051001573355829846,0.49,0.51,0.01
MCD_061,65+,0.030324482616032346,0.47,0.53,0.04
MCD_062,18-24,0.09801005012386248,0.44,0.56,0.02
MCD_062,25-34,0.3165047641187907,0.52,0.48,0.01
MCD_062,35-44,0.3411063594436209,0.46,0.54,0.03
MCD_062,45-54,0.09768167420031366,0.45,0.55,0.04
MCD_062,55-64,0.05291037163632213,0.46,0.54,0.02
MCD_062,65+,0.09378678047709019,0.47,0.53,0.03
MCD_063,18-24,0.011113478452934146,0.55,0.45,0.03
MCD_063,25-34,0.30127222856621055,0.51,0.49,0.02
MCD_063,35-44,0.3027388924920505,0.45,0.55,0.04
MCD_063,45-54,0.1728132357251301,0.57,0.43,0.02
MCD_063,55-64,0.129575694396713,0.49,0.51,0.05
MCD_063,65+,0.08248647036696162,0.46,0.54,0.03
MCD_064,18-24,0.02323495808367669,0.46,0.54,0.04
MCD_064,25-34,0.26438809821935677,0.49,0.51,0.02
MCD_064,35-44,0.3087646470712167,0.48,0.52,0.01
MCD_064,45-54,0.1659859175853221,0.54,0.46,0.05
MCD_064,55-64,0.14687951340398545,0.4,0.6,0.03
MCD_064,65+,0.0907468656364423,0.47,0.53,0.05
MCD_065,18-24,0.10902275556228437,0.51,0.49,0.01
MCD_065,25-34,0.18559772737534125,0.43,0.57,0.04
MCD_065,35-44,0.16358799895149384,0.54,0.46,0.03
MCD_065,45-54,0.5107683508210165,0.42,0.58,0.03
MCD_065,55-64,0.02729309331905966,0.5,0.5,0.02
MCD_065,65+,0.003730073970804575,0.48,0.52,0.03
MCD_066,18-24,0.1360917225355883,0.44,0.56,0.04
MCD_066,25-34,0.17323479808540815,0.57,0.43,0.04
MCD_066,35-44,0.3571448827870224,0.49,0.51,0.03
MCD_066,45-54,0.23747782610294962,0.59,0.41,0.05
MCD_066,55-64,0.038715376255867906,0.47,0.53,0.04
MCD_066,65+,0.05733539423316365,0.58,0.42,0.02
MCD_067,18-24,0.12618543805274746,0.56,0.44,0.03
MCD_067,25-34,0.05427636246627681,0.44,0.56,0.02
MCD_067,35-44,0.24963887036325533,0.41,0.59,0.02
MCD_067,45-54,0.31040095066057655,0.41,0.59,0.02
MCD_067,55-64,0.25411849299333683,0.56,0.44,0.01
MCD_067,65+,0.005379885463807045,0.4,0.6,0.03
MCD_068,18-24,0.1833190562934604,0.41,0.59,0.01
MCD_068,25-34,0.054360060248784876,0.54,0.46,0.05
MCD_068,35-44,0.17083458694167455,0.51,0.49,0.05
MCD_068,45-54,0.28891835251483666,0.43,0.57,0.03
MCD_068,55-64,0.22447045767372598,0.49,0.51,0.03
MCD_068,65+,0.07809748632751749,0.46,0.54,0.03
MCD_069,18-24,0.06636776606207435,0.59,0.41,0.03
MCD_069,25-34,0.16902215955269073,0.53,0.47,0.02
MCD_069,35-44,0.2319917402048528,0.45,0.55,0.05
MCD_069,45-54,0.3152199562084911,0.59,0.41,0.04
MCD_069,55-64,0.14278930091242098,0.56,0.44,0.05
MCD_069,65+,0.07460907705947006,0.51,0.49,0.01
MCD_070,18-24,0.03101729235652366,0.54,0.46,0.04
MCD_070,25-34,0.09139627923835507,0.46,0.54,0.03
MCD_070,35-44,0.19174614036650292,0.43,0.57,0.02
MCD_070,45-54,0.41421369731549834,0.45,0.55,0.02
MCD_070,55-64,0.16908639429006142,0.45,0.55,0.04
MCD_070,65+,0.10254019643305848,0.43,0.57,0.04
MCD_071,18-24,0.1453450071099383,0.59,0.41,0.03
MCD_071,25-34,0.22676208177995302,0.52,0.48,0.04
MCD_071,35-44,0.14115365761436,0.53,0.47,0.04
MCD_071,45-54,0.22881153523142617,0.44,0.56,0.02
MCD_071,55-64,0.2448766316894926,0.46,0.54,0.05
MCD_071,65+,0.013051086574829904,0.56,0.44,0.01
MCD_072,18-24,0.08184725435100322,0.54,0.46,0.05
MCD_072,25-34,0.32405008062053925,0.48,0.52,0.01
MCD_072,35-44,0.07247246663000666,0.54,0.46,0.05
MCD_072,45-54,0.3196174348546414,0.56,0.44,0.05
MCD_072,55-64,0.11587333939219857,0.53,0.47,0.03
MCD_072,65+,0.08613942415161104,0.52,0.48,0.04
MCD_073,18-24,0.2610282846388298,0.43,0.57,0.04
MCD_073,25-34,0.06679358981379604,0.48,0.52,0.04
MCD_073,35-44,0.27529739941554093,0.41,0.59,0.01
MCD_073,45-54,0.2798024732107834,0.48,0.52,0.04
MCD_073,55-64,0.05665887375870185,0.44,0.56,0.05
MCD_073,65+,0.060419379162348,0.48,0.52,0.02
MCD_074,18-24,0.13580545158744986,0.49,0.51,0.02
MCD_074,25-34,0.03659747838523768,0.59,0.41,0.04
MCD_074,35-44,0.27492938664103816,0.44,0.56,0.03
MCD_074,45-54,0.35433718431672534,0.53,0.47,0.02
MCD_074,55-64,0.0973015160380207,0.46,0.54,0.04
MCD_074,65+,0.10102898303152819,0.51,0.49,0.02
MCD_075,18-24,0.07522168322277155,0.54,0.46,0.02
MCD_075,25-34,0.39103796766900734,0.46,0.54,0.04
MCD_075,35-44,0.08286470010629012,0.51,0.49,0.05
MCD_075,45-54,0.17404858827044656,0.5,0.5,0.01
MCD_075,55-64,0.2364919650368156,0.59,0.41,0.01
MCD_075,65+,0.04033509569466868,0.5,0.5,0.02
MCD_076,18-24,0.09265645026482759,0.57,0.43,0.02
MCD_076,25-34,0.2260687342909939,0.42,0.58,0.04
MCD_076,35-44,0.42879194155433187,0.57,0.43,0.04
MCD_076,45-54,0.16286422570903702,0.45,0.55,0.03
MCD_076,55-64,0.046694585687648525,0.52,0.48,0.05
MCD_076,65+,0.042924062493161164,0.4,0.6,0.04
MCD_077,18-24,0.05763873660962633,0.45,0.55,0.04
MCD_077,25-34,0.4298407453151382,0.55,0.45,0.05
MCD_077,35-44,0.3839570693728179,0.53,0.47,0.03
MCD_077,45-54,0.037691260795295875,0.41,0.59,0.01
MCD_077,55-64,0.03954314296694272,0.56,0.44,0.01
MCD_077,65+,0.05132904494017914,0.43,0.57,0.02
MCD_078,18-24,0.11244728518009317,0.45,0.55,0.04
MCD_078,25-34,0.20736424388336333,0.46,0.54,0.02
MCD_078,35-44,0.17869376171432033,0.58,0.42,0.03
MCD_078,45-54,0.33748070885707654,0.56,0.44,0.04
MCD_078,55-64,0.1336641711489871,0.58,0.42,0.04
MCD_078,65+,0.030349829216159523,0.41,0.59,0.01
MCD_079,18-24,0.08548998362542054,0.5,0.5,0.04
MCD_079,25-34,0.40192605507361845,0.46,0.54,0.02
MCD_079,35-44,0.19341975580409282,0.53,0.47,0.05
MCD_079,45-54,0.14030345364886948,0.56,0.44,0.02
MCD_079,55-64,0.10581652630812889,0.59,0.41,0.02
MCD_079,65+,0.07304422553986983,0.44,0.56,0.02
MCD_080,18-24,0.06854460510906062,0.55,0.45,0.02
MCD_080,25-34,0.09694785995745508,0.4,0.6,0.03
MCD_080,35-44,0.12143387130963389,0.54,0.46,0.02
MCD_080,45-54,0.5112466688712289,0.41,0.59,0.04
MCD_080,55-64,0.15436055758596692,0.55,0.45,0.01
MCD_080,65+,0.047466437166654545,0.47,0.53,0.03
MCD_081,18-24,0.09709488246971529,0.45,0.55,0.03
MCD_081,25-34,0.20368021303771677,0.45,0.55,0.05
MCD_081,35-44,0.1593002584496516,0.5,0.5,0.03
MCD_081,45-54,0.16774921960995748,0.43,0.57,0.03
MCD_081,55-64,0.22870610545719575,0.58,0.42,0.03
MCD_081,65+,0.14346932097576326,0.56,0.44,0.04
MCD_082,18-24,0.09696461264886641,0.46,0.54,0.03
MCD_082,25-34,0.23837082628431772,0.56,0.44,0.04
MCD_082,35-44,0.168808745692455,0.46,0.54,0.05
MCD_082,45-54,0.17666633977941873,0.56,0.44,0.02
MCD_082,55-64,0.0664772890997408,0.54,0.46,0.05
MCD_082,65+,0.2527121864952012,0.58,0.42,0.03
MCD_083,18-24,0.10502139997737091,0.51,0.49,0.03
MCD_083,25-34,0.15308827883094223,0.57,0.43,0.02
MCD_083,35-44,0.45060959239268533,0.59,0.41,0.04
MCD_083,45-54,0.11823554640576586,0.42,0.58,0.03
MCD_083,55-64,0.07077317504612422,0.54,0.46,0.05
MCD_083,65+,0.1022720073471116,0.47,0.53,0.02
MCD_084,18-24,0.14301514407336174,0.57,0.43,0.04
MCD_084,25-34,0.24481188605754065,0.43,0.57,0.02
MCD_084,35-44,0.2782901590879613,0.49,0.51,0.03
MCD_084,45-54,0.11008487816705992,0.49,0.51,0.04
MCD_084,55-64,0.20231328393621995,0.45,0.55,0.03
MCD_084,65+,0.021484648677856464,0.59,0.41,0.05
MCD_085,18-24,0.07926956681332975,0.56,0.44,0.01
MCD_085,25-34,0.36283833549288647,0.46,0.54,0.02
MCD_085,35-44,0.20465622459703403,0.57,0.43,0.02
MCD_085,45-54,0.12890775491685597,0.53,0.47,0.01
MCD_085,55-64,0.18823313571390046,0.5,0.5,0.01
MCD_085,65+,0.03609498246599308,0.46,0.54,0.01
MCD_086,18-24,0.04393431736001197,0.57,0.43,0.04
MCD_086,25-34,0.21822825800696283,0.47,0.53,0.04
MCD_086,35-44,0.35004268309145986,0.54,0.46,0.03
MCD_086,45-54,0.3105044125845289,0.52,0.48,0.04
MCD_086,55-64,0.053768581865345964,0.57,0.43,0.03
MCD_086,65+,0.02352174709169041,0.57,0.43,0.04
MCD_087,18-24,0.08738807778149185,0.47,0.53,0.05
MCD_087,25-34,0.2806403752569355,0.45,0.55,0.05
MCD_087,35-44,0.21757117465228784,0.45,0.55,0.02
MCD_087,45-54,0.19555725532404827,0.59,0.41,0.05
MCD_087,55-64,0.14469347068951,0.45,0.55,0.04
MCD_087,65+,0.07414964629572664,0.56,0.44,0.02
MCD_088,18-24,0.067807075917127,0.42,0.58,0.01
MCD_088,25-34,0.1403485154820103,0.4,0.6,0.04
MCD_088,35-44,0.19438540879601887,0.46,0.54,0.02
MCD_088,45-54,0.23684322167749144,0.47,0.53,0.03
MCD_088,55-64,0.20513224370171532,0.41,0.59,0.04
MCD_088,65+,0.15548353442563714,0.46,0.54,0.01
MCD_089,18-24,0.020416680842905915,0.46,0.54,0.02
MCD_089,25-34,0.1205788311618372,0.55,0.45,0.02
MCD_089,35-44,0.33971229705398964,0.58,0.42,0.03
MCD_089,45-54,0.16479048016097628,0.44,0.56,0.03
MCD_089,55-64,0.2752208769592922,0.56,0.44,0.05
MCD_089,65+,0.07928083382099878,0.55,0.45,0.01
MCD_090,18-24,0.32517806263794546,0.57,0.43,0.03
MCD_090,25-34,0.1151787690845563,0.46,0.54,0.03
MCD_090,35-44,0.14469942871970387,0.54,0.46,0.05
MCD_090,45-54,0.32588165321457235,0.55,0.45,0.02
MCD_090,55-64,0.06463496935092926,0.48,0.52,0.05
MCD_090,65+,0.02442711699229276,0.57,0.43,0.01
MCD_091,18-24,0.17214921238762768,0.54,0.46,0.02
MCD_091,25-34,0.16934430853406165,0.49,0.51,0.04
MCD_091,35-44,0.0913773509574457,0.53,0.47,0.04
MCD_091,45-54,0.2263498801542996,0.58,0.42,0.04
MCD_091,55-64,0.3008662344586778,0.48,0.52,0.02
MCD_091,65+,0.03991301350788746,0.58,0.42,0.02
MCD_092,18-24,0.23636952919095686,0.52,0.48,0.02
MCD_092,25-34,0.1837978871512319,0.6,0.4,0.04
MCD_092,35-44,0.34462590590082703,0.49,0.51,0.01
MCD_092,45-54,0.07746533995641533,0.5,0.5,0.02
MCD_092,55-64,0.1389236972244404,0.45,0.55,0.01
MCD_092,65+,0.018817640576128572,0.43,0.57,0.04
MCD_093,18-24,0.06878037949908448,0.56,0.44,0.02
MCD_093,25-34,0.11196165207554738,0.58,0.42,0.03
MCD_093,35-44,0.5932008013496666,0.43,0.57,0.04
MCD_093,45-54,0.06708884327431262,0.52,0.48,0.04
MCD_093,55-64,0.14990725448373116,0.57,0.43,0.01
MCD_093,65+,0.0090610693176577,0.41,0.59,0.01
MCD_094,18-24,0.23990749480867637,0.59,0.41,0.04
MCD_094,25-34,0.19618067107874881,0.51,0.49,0.04
MCD_094,35-44,0.20817966032268276,0.44,0.56,0.05
MCD_094,45-54,0.23611129361692482,0.45,0.55,0.04
MCD_094,55-64,0.08576989904766773,0.55,0.45,0.05
MCD_094,65+,0.03385098112529933,0.57,0.43,0.01
MCD_095,18-24,0.236996926407868,0.48,0.52,0.05
MCD_095,25-34,0.06471206403774096,0.57,0.43,0.04
MCD_095,35-44,0.0993338503491825,0.44,0.56,0.03
MCD_095,45-54,0.22890358298915614,0.53,0.47,0.02
MCD_095,55-64,0.3643622209955291,0.4,0.6,0.02
MCD_095,65+,0.005691355220523212,0.53,0.47,0.05
MCD_096,18-24,0.07819520098529874,0.52,0.48,0.04
MCD_096,25-34,0.32549575888603877,0.44,0.56,0.02
MCD_096,35-44,0.06609407139757253,0.45,0.55,0.01
MCD_096,45-54,0.2145463825350043,0.41,0.59,0.03
MCD_096,55-64,0.27228487291214937,0.58,0.42,0.03
MCD_096,65+,0.043383713283936254,0.53,0.47,0.05
MCD_097,18-24,0.11926451942474468,0.53,0.47,0.03
MCD_097,25-34,0.13773332092690382,0.49,0.51,0.02
MCD_097,35-44,0.20383912921522138,0.54,0.46,0.03
MCD_097,45-54,0.17250425230253102,0.47,0.53,0.03
MCD_097,55-64,0.22193293730318878,0.51,0.49,0.04
MCD_097,65+,0.14472584082741038,0.57,0.43,0.04
MCD_098,18-24,0.13897019160097404,0.4,0.6,0.05
MCD_098,25-34,0.19860244282526307,0.51,0.49,0.04
MCD_098,35-44,0.13543231654304833,0.42,0.58,0.01
MCD_098,45-54,0.340742884885178,0.57,0.43,0.02
MCD_098,55-64,0.060381679169003485,0.53,0.47,0.04
MCD_098,65+,0.1258704849765332,0.51,0.49,0.02
MCD_099,18-24,0.10441580968107966,0.48,0.52,0.04
MCD_099,25-34,0.09542689416673136,0.6,0.4,0.01
MCD_099,35-44,0.26302804992653955,0.47,0.53,0.04
MCD_099,45-54,0.1730191950555739,0.58,0.42,0.01
MCD_099,55-64,0.20355101235028872,0.48,0.52,0.02
MCD_099,65+,0.16055903881978664,0.46,0.54,0.02
MCD_100,18-24,0.10877200329134358,0.49,0.51,0.04
MCD_100,25-34,0.22385283775229167,0.57,0.43,0.02
MCD_100,35-44,0.03848182059611134,0.41,0.59,0.02
MCD_100,45-54,0.14315278072108426,0.55,0.45,0.02
MCD_100,55-64,0.3585085765618946,0.48,0.52,0.04
MCD_100,65+,0.12723198107727465,0.48,0.52,0.02
