Date,Region,BBQ_Meals_Sold,Avg_Spend_Â£,Profit_Margin_pct,Age_Group,Income_Category
2025-01-01,Scotland,732,8.27,21.97,25-34,High
2025-01-02,Wales,784,3.78,26.0,35-44,Medium
2025-01-03,Wales,841,2.29,19.44,25-34,High
2025-01-04,England,470,5.2,24.82,45-54,Medium
2025-01-05,Scotland,1004,7.01,17.17,18-24,Low
2025-01-06,Scotland,1066,3.16,29.06,35-44,Medium
2025-01-07,Scotland,356,5.5,25.27,25-34,Medium
2025-01-08,England,1189,3.1,15.31,45-54,Low
2025-01-09,England,930,2.58,17.69,45-54,Low
2025-01-10,Northern Ireland,147,5.03,20.93,55+,Medium
2025-01-11,Northern Ireland,779,5.88,13.65,45-54,Low
2025-01-12,Scotland,313,4.65,12.47,18-24,Medium
2025-01-13,England,748,5.47,19.32,18-24,Medium
2025-01-14,England,862,3.28,17.07,45-54,High
2025-01-15,Wales,950,5.23,29.39,55+,High
2025-01-16,Wales,605,4.57,20.55,55+,Medium
2025-01-17,Scotland,1157,6.54,28.06,18-24,Low
2025-01-18,Northern Ireland,487,6.89,17.79,55+,Medium
2025-01-19,England,1088,5.01,27.89,55+,Medium
2025-01-20,Scotland,126,4.8,30.51,35-44,Medium
2025-01-21,Northern Ireland,676,2.0,24.23,55+,Medium
2025-01-22,England,962,2.41,26.78,35-44,Medium
2025-01-23,Northern Ireland,256,2.4,36.38,45-54,High
2025-01-24,Northern Ireland,1144,4.37,27.5,25-34,Low
2025-01-25,England,143,5.01,14.63,18-24,High
2025-01-26,Scotland,280,4.27,25.81,18-24,Medium
2025-01-27,England,411,4.12,21.73,55+,Low
2025-01-28,Wales,1134,3.88,24.59,45-54,High
2025-01-29,Scotland,633,4.93,26.02,45-54,Medium
2025-01-30,England,548,2.01,31.7,55+,High
2025-01-31,Northern Ireland,274,7.84,23.18,55+,High
2025-02-01,England,829,4.33,18.49,18-24,High
2025-02-02,England,841,6.57,23.55,25-34,Medium
2025-02-03,Scotland,341,5.23,25.49,45-54,Medium
2025-02-04,Wales,595,5.7,16.15,18-24,High
2025-02-05,Scotland,1115,6.13,22.67,55+,High
2025-02-06,England,231,3.9,25.59,25-34,Low
2025-02-07,Northern Ireland,664,6.43,25.42,45-54,High
2025-02-08,Northern Ireland,335,4.13,19.07,35-44,High
2025-02-09,Scotland,1056,5.03,21.9,45-54,Medium
2025-02-10,England,541,4.11,23.38,25-34,High
2025-02-11,Scotland,215,4.94,17.39,45-54,High
2025-02-12,Northern Ireland,118,6.25,22.2,18-24,Low
2025-02-13,Scotland,487,5.4,22.81,55+,Low
2025-02-14,Wales,908,9.04,28.37,18-24,Low
2025-02-15,Wales,234,6.23,15.34,18-24,High
2025-02-16,Scotland,1040,5.29,33.2,45-54,High
2025-02-17,England,639,4.53,23.12,45-54,Medium
2025-02-18,Scotland,100,4.53,29.93,25-34,High
2025-02-19,England,848,6.29,24.22,35-44,Low
2025-02-20,Northern Ireland,625,6.35,21.73,35-44,Medium
2025-02-21,Northern Ireland,780,3.34,23.47,35-44,Low
2025-02-22,England,914,6.63,23.7,35-44,High
2025-02-23,Scotland,271,8.5,19.18,25-34,Low
2025-02-24,Scotland,1120,3.4,30.48,55+,Medium
2025-02-25,Scotland,1157,9.76,11.95,18-24,Low
2025-02-26,England,845,5.01,13.17,55+,Medium
2025-02-27,Scotland,350,5.03,20.35,25-34,Low
2025-02-28,Northern Ireland,88,5.13,27.2,45-54,High
2025-03-01,Wales,771,4.87,17.05,25-34,High
2025-03-02,Northern Ireland,215,2.0,17.67,18-24,High
2025-03-03,England,1085,7.01,18.28,45-54,High
2025-03-04,Northern Ireland,160,7.11,28.46,25-34,Medium
2025-03-05,Northern Ireland,640,5.62,21.87,55+,Medium
2025-03-06,Northern Ireland,240,4.81,18.34,45-54,High
2025-03-07,Scotland,60,7.43,11.49,25-34,High
2025-03-08,Wales,600,2.81,28.85,45-54,High
2025-03-09,England,181,2.23,24.2,55+,Medium
2025-03-10,Scotland,218,6.76,21.25,45-54,Medium
2025-03-11,Scotland,609,5.87,22.45,18-24,Medium
2025-03-12,Wales,73,6.36,21.36,45-54,Medium
2025-03-13,Wales,472,3.06,27.41,25-34,Medium
2025-03-14,England,78,3.84,20.74,25-34,Medium
2025-03-15,Northern Ireland,916,7.71,19.2,18-24,Medium
2025-03-16,Northern Ireland,855,2.0,33.23,45-54,High
2025-03-17,Northern Ireland,107,2.0,16.76,35-44,High
2025-03-18,Scotland,260,6.19,25.23,18-24,Medium
2025-03-19,England,237,4.56,17.13,45-54,Low
2025-03-20,Northern Ireland,193,5.91,29.14,18-24,High
2025-03-21,Wales,716,3.9,18.8,25-34,Medium
2025-03-22,Northern Ireland,771,5.55,26.23,25-34,Low
2025-03-23,England,253,3.78,24.72,25-34,High
2025-03-24,Northern Ireland,392,6.17,17.83,35-44,High
2025-03-25,Wales,279,3.05,14.73,45-54,High
2025-03-26,England,423,3.45,25.81,35-44,Low
2025-03-27,Scotland,869,5.69,17.63,55+,Low
2025-03-28,England,690,7.29,24.92,18-24,High
2025-03-29,England,1182,4.97,15.14,18-24,High
2025-03-30,England,79,8.02,26.07,45-54,Low
2025-03-31,Scotland,78,3.88,30.63,35-44,Medium
2025-04-01,Wales,567,2.83,18.11,35-44,High
2025-04-02,Northern Ireland,226,5.35,36.07,25-34,Low
2025-04-03,England,452,3.91,26.19,45-54,Medium
2025-04-04,Wales,1047,4.66,12.93,18-24,Low
2025-04-05,Northern Ireland,1102,3.92,14.23,25-34,High
2025-04-06,Scotland,601,5.21,25.37,25-34,Medium
2025-04-07,Wales,837,5.94,18.12,45-54,Low
2025-04-08,England,1105,7.01,28.97,45-54,Low
2025-04-09,Wales,727,4.71,19.27,45-54,High
2025-04-10,England,1030,3.15,16.9,25-34,Low
2025-04-11,Northern Ireland,55,5.14,17.6,35-44,High
2025-04-12,Northern Ireland,917,3.75,26.44,55+,High
2025-04-13,England,370,8.14,20.06,55+,High
2025-04-14,England,379,4.3,22.13,35-44,High
2025-04-15,England,497,3.9,28.57,35-44,High
2025-04-16,Northern Ireland,421,11.02,12.31,55+,Low
2025-04-17,Northern Ireland,565,7.81,33.86,18-24,Low
2025-04-18,Wales,804,8.11,14.47,55+,Medium
2025-04-19,Scotland,279,5.92,7.73,55+,Low
2025-04-20,Scotland,101,8.4,22.34,45-54,Medium
2025-04-21,Northern Ireland,860,2.0,19.56,25-34,Low
2025-04-22,Scotland,315,6.73,24.17,25-34,Low
2025-04-23,Wales,418,4.81,24.73,45-54,Low
2025-04-24,Northern Ireland,528,5.07,22.95,55+,Medium
2025-04-25,England,753,6.58,26.24,35-44,High
2025-04-26,Scotland,650,5.47,20.32,35-44,High
2025-04-27,Northern Ireland,580,2.0,28.33,55+,High
2025-04-28,England,102,4.9,27.14,55+,Low
2025-04-29,Northern Ireland,1127,3.65,29.62,55+,Low
2025-04-30,Scotland,234,2.29,24.27,18-24,Medium
2025-05-01,Scotland,230,4.43,16.42,55+,Low
2025-05-02,Scotland,1079,2.4,26.08,45-54,High
2025-05-03,Northern Ireland,890,4.08,18.31,18-24,High
2025-05-04,Scotland,852,6.22,13.89,35-44,Low
2025-05-05,Scotland,166,2.0,16.48,45-54,High
2025-05-06,Wales,709,4.82,20.44,25-34,Low
2025-05-07,Scotland,119,2.87,24.45,18-24,High
2025-05-08,Wales,404,6.55,20.76,18-24,High
2025-05-09,Scotland,312,5.56,22.55,25-34,Medium
2025-05-10,Scotland,1048,3.83,23.56,45-54,Medium
2025-05-11,Northern Ireland,1126,5.04,17.04,35-44,Low
2025-05-12,Northern Ireland,540,6.8,20.08,25-34,Medium
2025-05-13,England,815,2.0,16.56,55+,Low
2025-05-14,Northern Ireland,605,6.17,18.73,25-34,Medium
2025-05-15,Scotland,154,8.18,28.38,25-34,High
2025-05-16,Wales,600,5.31,16.74,55+,Low
2025-05-17,Northern Ireland,1148,3.28,28.0,55+,Medium
2025-05-18,England,1056,4.5,21.1,18-24,High
2025-05-19,Wales,209,6.47,20.83,45-54,High
2025-05-20,England,214,4.78,22.08,25-34,Medium
2025-05-21,Wales,269,6.12,15.34,18-24,Low
2025-05-22,England,1022,3.0,30.1,18-24,High
2025-05-23,Wales,371,5.27,17.33,25-34,Low
2025-05-24,England,903,7.74,27.08,55+,High
2025-05-25,Wales,800,5.83,28.94,18-24,Medium
2025-05-26,Wales,525,5.99,25.58,25-34,Medium
2025-05-27,England,756,5.64,26.09,45-54,Low
2025-05-28,England,366,2.72,27.58,55+,High
2025-05-29,England,1135,2.51,22.76,55+,High
2025-05-30,Northern Ireland,342,4.78,23.45,45-54,Medium
2025-05-31,England,157,5.03,29.69,55+,High
2025-06-01,England,74,7.58,17.43,45-54,High
2025-06-02,Scotland,50,2.0,20.9,18-24,Medium
2025-06-03,Wales,579,2.61,22.3,45-54,High
2025-06-04,Northern Ireland,1006,6.68,32.62,45-54,Medium
2025-06-05,Scotland,549,3.51,15.76,55+,Low
2025-06-06,Scotland,258,6.29,21.35,25-34,Medium
2025-06-07,England,228,5.07,19.54,18-24,High
2025-06-08,Northern Ireland,505,2.39,22.45,25-34,Medium
2025-06-09,Wales,451,2.0,22.96,25-34,High
2025-06-10,Scotland,1090,2.0,29.0,18-24,Medium
2025-06-11,Scotland,602,5.84,23.51,55+,High
2025-06-12,England,585,2.98,22.29,45-54,Medium
2025-06-13,Wales,507,2.37,27.48,35-44,Medium
2025-06-14,Northern Ireland,851,6.61,19.59,18-24,High
2025-06-15,Wales,1055,8.91,23.69,18-24,Medium
2025-06-16,England,634,2.37,21.6,25-34,Low
2025-06-17,Wales,1096,3.65,28.03,18-24,Medium
2025-06-18,Scotland,68,4.03,18.66,35-44,High
2025-06-19,Northern Ireland,577,3.59,26.78,18-24,Low
2025-06-20,Northern Ireland,905,5.35,20.01,45-54,Low
2025-06-21,Wales,1181,4.86,32.56,45-54,Low
2025-06-22,Scotland,72,5.58,22.2,18-24,Low
2025-06-23,Northern Ireland,1192,4.52,17.23,35-44,Low
2025-06-24,England,808,2.0,16.74,25-34,Medium
2025-06-25,Northern Ireland,571,7.5,29.41,55+,High
2025-06-26,England,589,3.93,31.5,18-24,Medium
2025-06-27,England,1047,2.68,26.41,18-24,Low
2025-06-28,England,1045,7.44,10.85,35-44,Medium
2025-06-29,Wales,824,5.6,23.66,35-44,Medium
2025-06-30,Northern Ireland,1037,7.75,21.27,18-24,Medium
2025-07-01,Northern Ireland,487,5.79,15.43,35-44,Low
2025-07-02,Scotland,958,5.63,30.2,18-24,Low
2025-07-03,Northern Ireland,873,2.01,15.95,55+,Medium
2025-07-04,England,1119,7.73,27.13,35-44,High
2025-07-05,Scotland,329,4.49,14.42,25-34,Low
2025-07-06,Wales,1054,6.1,19.01,55+,Low
2025-07-07,Wales,482,2.0,17.64,18-24,Low
2025-07-08,Northern Ireland,99,2.81,21.97,25-34,High
2025-07-09,Wales,1034,3.42,29.79,25-34,Low
2025-07-10,England,1153,2.0,22.79,25-34,Medium
2025-07-11,Scotland,775,4.31,16.57,45-54,High
2025-07-12,England,127,5.11,22.15,35-44,High
2025-07-13,England,780,5.07,20.07,35-44,High
2025-07-14,England,963,4.44,12.15,55+,Low
2025-07-15,Wales,996,6.79,21.92,35-44,High
2025-07-16,Northern Ireland,455,4.21,22.47,45-54,Medium
2025-07-17,Scotland,1164,3.74,23.07,55+,Medium
2025-07-18,Northern Ireland,1110,4.26,21.56,55+,Low
2025-07-19,Scotland,894,6.89,20.8,45-54,Medium
2025-07-20,Scotland,974,5.4,25.56,25-34,Low
2025-07-21,Scotland,821,6.13,22.89,25-34,Medium
2025-07-22,Wales,922,2.4,29.8,18-24,High
2025-07-23,England,506,2.0,20.8,25-34,High
2025-07-24,Northern Ireland,1086,5.31,26.46,35-44,Medium
2025-07-25,England,441,9.04,25.3,35-44,Low
2025-07-26,Northern Ireland,1089,7.56,19.1,55+,Medium
2025-07-27,Scotland,805,2.0,26.62,45-54,Low
2025-07-28,Scotland,1149,7.89,15.46,18-24,Low
2025-07-29,England,960,3.51,16.67,25-34,Low
2025-07-30,Northern Ireland,417,6.1,19.92,55+,Low
2025-07-31,England,389,3.53,27.64,35-44,Low
2025-08-01,Wales,249,3.62,14.05,25-34,Medium
2025-08-02,Scotland,1116,5.31,7.79,35-44,High
2025-08-03,Scotland,689,7.42,19.54,25-34,Medium
2025-08-04,Wales,697,4.04,19.86,35-44,High
2025-08-05,Scotland,1080,7.8,21.86,25-34,Low
2025-08-06,England,556,2.0,26.42,18-24,Low
2025-08-07,Scotland,377,5.81,27.52,25-34,Low
2025-08-08,England,954,10.31,16.09,55+,Low
2025-08-09,Northern Ireland,1053,5.12,31.07,35-44,High
2025-08-10,England,779,4.51,21.94,18-24,High
2025-08-11,England,709,6.13,20.46,25-34,High
2025-08-12,England,796,7.58,8.88,25-34,Medium
2025-08-13,England,973,3.02,19.75,55+,High
2025-08-14,Northern Ireland,271,8.91,24.39,35-44,High
2025-08-15,Wales,941,4.36,18.79,45-54,High
2025-08-16,Wales,1078,6.22,17.45,55+,High
2025-08-17,Scotland,960,5.64,25.08,18-24,High
2025-08-18,Northern Ireland,56,6.19,19.53,35-44,High
2025-08-19,Scotland,255,2.0,12.97,25-34,Medium
2025-08-20,England,838,5.6,40.0,45-54,High
2025-08-21,Northern Ireland,788,3.08,18.26,55+,Medium
2025-08-22,Northern Ireland,857,7.52,18.71,45-54,Low
2025-08-23,Scotland,807,5.26,18.38,35-44,High
2025-08-24,Wales,466,5.89,24.91,18-24,Medium
2025-08-25,Northern Ireland,165,4.53,16.84,25-34,Medium
2025-08-26,Wales,951,6.35,20.52,45-54,High
2025-08-27,Wales,370,4.61,14.71,18-24,Medium
2025-08-28,England,892,7.47,11.05,25-34,Low
2025-08-29,Wales,374,6.21,16.26,18-24,Medium
2025-08-30,Scotland,785,3.66,19.93,45-54,Medium
2025-08-31,Wales,356,7.27,18.16,55+,Medium
2025-09-01,England,573,5.87,20.51,45-54,Low
2025-09-02,Scotland,1131,3.07,21.92,18-24,High
2025-09-03,Wales,1028,6.39,22.11,25-34,High
2025-09-04,England,177,7.37,26.14,55+,High
2025-09-05,England,341,5.92,26.5,35-44,Low
2025-09-06,Scotland,256,3.92,18.35,35-44,Medium
2025-09-07,Northern Ireland,778,4.01,26.66,18-24,Low
2025-09-08,Northern Ireland,773,7.86,24.61,18-24,Low
2025-09-09,Northern Ireland,1185,3.5,18.18,45-54,Low
2025-09-10,Wales,1165,7.04,18.05,18-24,Medium
2025-09-11,Scotland,597,2.98,13.48,55+,Medium
2025-09-12,Scotland,94,4.71,25.38,55+,High
2025-09-13,Scotland,941,4.35,22.29,45-54,Low
2025-09-14,Northern Ireland,670,6.99,30.2,45-54,Medium
2025-09-15,Wales,52,4.95,22.28,55+,Low
2025-09-16,England,375,4.41,23.86,25-34,High
2025-09-17,Scotland,174,4.37,29.56,18-24,Medium
2025-09-18,Northern Ireland,554,6.37,19.27,45-54,High
2025-09-19,Wales,86,10.02,32.31,35-44,High
2025-09-20,England,1119,2.0,21.2,35-44,Medium
2025-09-21,Wales,983,3.71,9.95,25-34,High
2025-09-22,Scotland,216,6.81,10.44,18-24,Medium
2025-09-23,Scotland,728,2.0,15.3,18-24,Medium
2025-09-24,Scotland,73,2.87,23.77,18-24,High
2025-09-25,Northern Ireland,198,5.3,32.49,55+,High
2025-09-26,England,917,2.97,21.97,25-34,Low
2025-09-27,Northern Ireland,73,2.0,20.17,55+,Low
2025-09-28,Wales,762,2.0,30.84,25-34,Low
2025-09-29,Scotland,179,5.63,25.31,55+,High
2025-09-30,England,270,5.9,16.2,55+,Medium
2025-10-01,Northern Ireland,178,4.18,17.29,55+,High
2025-10-02,Northern Ireland,1097,7.29,21.27,35-44,Low
2025-10-03,England,311,5.46,17.3,45-54,Low
2025-10-04,Northern Ireland,500,3.2,18.13,35-44,Low
2025-10-05,England,845,7.46,14.31,25-34,Medium
2025-10-06,England,816,5.41,19.39,35-44,High
2025-10-07,Northern Ireland,921,2.78,19.98,55+,High
2025-10-08,Northern Ireland,1053,6.31,22.09,55+,Low
2025-10-09,England,272,6.04,23.89,45-54,Low
2025-10-10,Northern Ireland,378,6.09,24.51,55+,High
2025-10-11,Northern Ireland,413,2.88,17.16,45-54,Medium
2025-10-12,Wales,615,5.45,18.61,35-44,Medium
2025-10-13,Wales,994,3.76,21.42,55+,Low
2025-10-14,Wales,745,2.37,19.67,55+,High
2025-10-15,England,139,2.0,25.38,45-54,Low
2025-10-16,Scotland,1156,5.94,25.18,25-34,Low
2025-10-17,Scotland,920,3.89,17.19,55+,High
2025-10-18,Northern Ireland,1061,2.0,29.81,45-54,Low
2025-10-19,Northern Ireland,397,6.55,24.17,18-24,Low
2025-10-20,Wales,268,5.93,25.38,18-24,High
2025-10-21,England,1150,4.32,12.51,55+,High
2025-10-22,Wales,330,2.0,17.5,18-24,Medium
2025-10-23,Wales,129,9.87,14.37,35-44,High
2025-10-24,Wales,264,8.92,20.53,25-34,Low
2025-10-25,Scotland,228,7.0,16.7,45-54,Medium
2025-10-26,England,981,2.88,11.86,35-44,Low
2025-10-27,England,1056,4.93,14.44,35-44,Low
2025-10-28,Scotland,754,9.38,17.03,55+,Low
2025-10-29,Scotland,1188,7.39,19.59,45-54,Low
2025-10-30,Scotland,119,3.4,21.12,35-44,High
2025-10-31,England,900,3.22,12.75,55+,Low
2025-11-01,Northern Ireland,983,4.25,22.13,55+,Low
2025-11-02,Northern Ireland,760,6.93,23.32,45-54,High
2025-11-03,England,896,7.89,20.93,45-54,Low
2025-11-04,Scotland,863,6.46,7.95,18-24,High
2025-11-05,Northern Ireland,636,4.71,16.7,55+,Low
2025-11-06,England,717,3.75,23.7,25-34,High
2025-11-07,Northern Ireland,443,6.94,20.45,18-24,Low
2025-11-08,Scotland,264,2.98,23.85,45-54,Medium
2025-11-09,Northern Ireland,397,3.58,24.24,25-34,Low
2025-11-10,Scotland,790,6.59,15.46,35-44,High
2025-11-11,Scotland,233,6.33,15.66,25-34,Low
2025-11-12,Wales,776,3.62,20.21,55+,Medium
2025-11-13,Wales,653,4.69,24.96,35-44,Low
2025-11-14,Wales,1049,3.98,32.38,25-34,High
2025-11-15,Northern Ireland,609,7.41,26.45,45-54,High
2025-11-16,Scotland,1169,7.15,21.82,25-34,High
2025-11-17,Wales,227,3.66,27.93,45-54,High
2025-11-18,Wales,1117,6.58,16.09,45-54,High
2025-11-19,Scotland,546,5.88,24.0,45-54,Low
2025-11-20,Northern Ireland,218,3.3,27.31,18-24,Medium
2025-11-21,Northern Ireland,214,2.0,20.73,55+,Low
2025-11-22,Northern Ireland,685,5.0,31.37,18-24,Low
2025-11-23,Scotland,499,5.21,23.54,55+,High
2025-11-24,Scotland,468,4.96,26.65,18-24,Medium
2025-11-25,Scotland,813,2.0,29.57,55+,Medium
2025-11-26,Northern Ireland,1180,2.0,27.91,45-54,Low
2025-11-27,Scotland,259,10.39,20.47,45-54,High
2025-11-28,Wales,428,7.87,21.57,55+,Medium
2025-11-29,Wales,748,8.46,14.29,55+,Low
2025-11-30,Wales,696,3.33,20.71,18-24,Medium
2025-12-01,Scotland,362,6.78,29.86,45-54,Medium
2025-12-02,England,738,2.0,21.59,55+,Low
2025-12-03,Wales,482,5.04,18.12,45-54,Low
2025-12-04,England,831,4.23,23.69,55+,High
2025-12-05,Scotland,476,4.9,20.03,55+,High
2025-12-06,England,1006,3.03,26.21,18-24,Medium
2025-12-07,Scotland,223,6.28,29.27,25-34,Low
2025-12-08,Northern Ireland,1084,4.59,17.42,45-54,Medium
2025-12-09,Scotland,589,6.58,18.2,18-24,Low
2025-12-10,England,1171,5.8,24.55,55+,High
2025-12-11,Scotland,560,5.45,18.31,35-44,High
2025-12-12,England,753,2.0,32.72,18-24,Medium
2025-12-13,Wales,241,6.33,18.26,35-44,Low
2025-12-14,Northern Ireland,740,8.47,24.35,18-24,Low
2025-12-15,Scotland,912,5.48,23.0,18-24,Medium
2025-12-16,Wales,501,4.02,24.39,35-44,High
2025-12-17,Wales,544,3.89,21.64,25-34,High
2025-12-18,Scotland,449,4.79,23.66,55+,Medium
2025-12-19,Northern Ireland,306,2.0,13.07,25-34,Low
2025-12-20,Wales,701,4.56,22.54,35-44,High
2025-12-21,Scotland,894,2.07,24.1,55+,Low
2025-12-22,England,652,3.99,25.07,25-34,High
2025-12-23,Scotland,838,7.23,25.7,45-54,Medium
2025-12-24,Scotland,1141,5.82,24.28,25-34,Low
2025-12-25,Scotland,807,2.78,15.84,25-34,High
2025-12-26,England,1115,5.99,30.04,18-24,Medium
2025-12-27,Northern Ireland,737,5.23,17.4,35-44,High
2025-12-28,Wales,791,8.82,23.0,35-44,High
2025-12-29,Northern Ireland,616,3.59,26.52,35-44,High
2025-12-30,England,239,6.98,19.15,25-34,High
2025-12-31,Wales,262,5.02,17.4,45-54,High
2026-01-01,England,1039,6.67,13.47,45-54,Medium
2026-01-02,Wales,836,6.93,16.26,35-44,Low
2026-01-03,England,913,6.27,24.04,18-24,Medium
2026-01-04,Northern Ireland,694,5.17,26.09,55+,High
2026-01-05,Northern Ireland,188,9.19,18.62,55+,Medium
2026-01-06,England,250,4.58,20.45,45-54,Low
2026-01-07,England,651,2.47,27.31,18-24,Low
2026-01-08,England,1033,7.33,13.53,45-54,Low
2026-01-09,Wales,333,5.38,20.54,18-24,Medium
2026-01-10,Wales,1104,6.72,14.95,18-24,Low
2026-01-11,Wales,832,4.15,20.18,35-44,Low
2026-01-12,England,982,5.91,21.47,35-44,Low
2026-01-13,Northern Ireland,746,5.43,22.23,18-24,Low
2026-01-14,England,170,5.32,24.97,55+,Medium
2026-01-15,Northern Ireland,714,2.27,20.4,18-24,Low
2026-01-16,Scotland,700,3.25,23.51,55+,Low
2026-01-17,Wales,791,8.6,27.14,18-24,Medium
2026-01-18,Scotland,344,3.76,26.63,25-34,Medium
2026-01-19,Wales,424,3.39,17.33,18-24,High
2026-01-20,England,530,2.0,19.37,18-24,High
2026-01-21,Wales,872,5.04,27.79,18-24,Low
2026-01-22,Wales,99,7.59,23.82,55+,Low
2026-01-23,Scotland,487,5.68,14.22,45-54,Medium
2026-01-24,Scotland,904,3.28,22.21,55+,Medium
2026-01-25,Northern Ireland,383,10.95,25.09,18-24,Low
2026-01-26,Wales,960,5.55,27.88,35-44,Medium
2026-01-27,England,849,6.59,15.72,25-34,Low
2026-01-28,Scotland,460,4.93,19.99,45-54,Medium
2026-01-29,Scotland,301,4.93,24.97,18-24,High
2026-01-30,Wales,1017,3.9,20.78,45-54,High
2026-01-31,Wales,753,4.18,26.52,18-24,High
2026-02-01,Scotland,566,3.98,23.94,18-24,Medium
2026-02-02,Scotland,1190,3.98,25.3,25-34,Low
2026-02-03,Scotland,96,2.41,19.64,45-54,Medium
2026-02-04,Wales,717,2.38,8.15,45-54,Low
2026-02-05,England,958,8.4,19.33,45-54,Low
2026-02-06,Wales,380,7.12,23.03,25-34,Medium
2026-02-07,England,119,7.66,28.3,55+,High
2026-02-08,Northern Ireland,693,6.99,19.29,18-24,High
2026-02-09,Scotland,618,4.92,19.98,35-44,Medium
2026-02-10,Wales,265,7.16,21.82,35-44,Medium
2026-02-11,Scotland,341,6.16,20.42,25-34,Low
2026-02-12,England,1153,2.18,20.32,35-44,High
2026-02-13,Wales,86,6.58,26.6,25-34,Medium
2026-02-14,Wales,364,5.88,33.7,35-44,Low
2026-02-15,Scotland,107,6.02,17.81,35-44,High
2026-02-16,Northern Ireland,1019,2.0,21.57,18-24,Low
2026-02-17,Wales,289,4.95,19.18,25-34,High
2026-02-18,Wales,310,6.42,17.03,25-34,Low
2026-02-19,Northern Ireland,550,5.42,12.41,35-44,Low
2026-02-20,Wales,820,2.94,17.1,18-24,Medium
2026-02-21,Scotland,627,6.7,22.4,25-34,Low
2026-02-22,Northern Ireland,1110,6.46,22.51,35-44,Medium
2026-02-23,England,53,4.01,23.13,55+,Medium
2026-02-24,Wales,1182,6.92,19.63,45-54,Medium
2026-02-25,Northern Ireland,379,4.9,20.35,25-34,Low
2026-02-26,Wales,625,5.39,25.27,25-34,Low
2026-02-27,Scotland,627,6.47,17.04,18-24,Medium
2026-02-28,Wales,501,3.91,18.31,45-54,Medium
2026-03-01,Scotland,927,6.44,26.46,18-24,Medium
2026-03-02,Wales,474,5.55,22.35,25-34,Low
2026-03-03,Scotland,760,8.1,11.75,35-44,High
2026-03-04,England,681,4.19,29.2,25-34,Low
2026-03-05,Northern Ireland,1018,4.65,21.68,25-34,Low
2026-03-06,Scotland,1034,4.07,25.53,25-34,High
2026-03-07,Wales,453,3.95,26.45,35-44,Medium
2026-03-08,Scotland,759,7.05,19.88,25-34,Medium
2026-03-09,Northern Ireland,946,2.0,26.73,18-24,High
2026-03-10,England,502,7.94,32.78,25-34,High
2026-03-11,England,903,4.6,26.36,35-44,Medium
2026-03-12,Northern Ireland,285,5.07,17.25,18-24,High
2026-03-13,Northern Ireland,1137,3.51,21.44,55+,High
2026-03-14,Scotland,1012,3.99,22.18,35-44,Medium
2026-03-15,England,674,5.56,26.34,45-54,Low
2026-03-16,England,1106,4.91,23.48,18-24,Medium
2026-03-17,Wales,1190,8.55,18.15,45-54,Low
2026-03-18,Northern Ireland,561,7.72,30.27,18-24,Medium
2026-03-19,Scotland,919,7.99,12.19,25-34,Low
2026-03-20,Wales,651,4.04,17.35,45-54,High
2026-03-21,Scotland,854,2.9,22.56,35-44,Low
2026-03-22,England,311,5.58,22.75,18-24,Low
2026-03-23,Scotland,150,7.51,24.29,35-44,High
2026-03-24,Wales,369,2.48,25.07,25-34,High
2026-03-25,Scotland,828,2.0,17.73,35-44,High
2026-03-26,Scotland,1177,7.87,21.89,55+,High
2026-03-27,Wales,291,2.34,18.3,25-34,High
2026-03-28,Northern Ireland,771,2.0,28.32,25-34,High
2026-03-29,Northern Ireland,225,6.85,17.22,25-34,Medium
2026-03-30,England,957,4.48,21.97,55+,High
2026-03-31,England,642,2.0,26.55,18-24,Low
2026-04-01,Northern Ireland,941,2.0,27.08,45-54,Medium
2026-04-02,Northern Ireland,760,5.25,22.77,55+,Low
2026-04-03,England,1004,6.36,24.11,18-24,High
2026-04-04,England,894,5.02,23.44,18-24,Medium
2026-04-05,Wales,591,4.09,12.53,25-34,High
2026-04-06,Northern Ireland,310,3.34,17.93,18-24,High
2026-04-07,England,416,4.26,22.25,55+,Medium
2026-04-08,Scotland,808,4.87,14.8,25-34,High
2026-04-09,Wales,1196,5.28,12.4,55+,Low
2026-04-10,Scotland,234,6.22,18.37,35-44,High
2026-04-11,Wales,1193,4.01,24.92,55+,Medium
2026-04-12,England,126,3.07,23.0,25-34,Medium
2026-04-13,Scotland,150,6.93,22.26,18-24,Medium
2026-04-14,England,833,3.79,22.33,25-34,Low
2026-04-15,England,243,3.99,20.6,55+,Medium
2026-04-16,Wales,781,2.0,28.74,25-34,High
2026-04-17,Northern Ireland,82,2.98,24.44,35-44,Low
2026-04-18,England,693,3.99,19.7,45-54,Low
2026-04-19,Northern Ireland,1178,7.83,24.76,18-24,Medium
2026-04-20,England,533,7.27,27.44,25-34,Medium
2026-04-21,Northern Ireland,576,4.36,23.54,18-24,Low
2026-04-22,England,491,8.81,22.92,45-54,Medium
2026-04-23,England,1152,2.83,26.93,25-34,High
2026-04-24,Northern Ireland,574,5.33,20.6,55+,Medium
2026-04-25,Wales,688,8.09,12.1,18-24,Medium
2026-04-26,England,713,4.11,22.02,55+,High
2026-04-27,Wales,402,3.07,27.74,55+,Low
2026-04-28,England,343,3.55,24.24,55+,Low
2026-04-29,England,464,5.64,17.61,25-34,Low
2026-04-30,Northern Ireland,1191,6.24,15.86,35-44,Medium
2026-05-01,Scotland,1152,4.21,21.53,35-44,High
2026-05-02,England,887,5.24,25.53,25-34,Low
2026-05-03,England,161,3.12,19.22,35-44,High
2026-05-04,Northern Ireland,266,8.49,21.42,55+,Medium
2026-05-05,Scotland,246,6.87,18.56,18-24,High
2026-05-06,England,155,7.98,21.09,35-44,Low
2026-05-07,Scotland,1160,5.64,23.78,35-44,Medium
2026-05-08,Northern Ireland,1191,4.93,25.33,25-34,Medium
2026-05-09,Northern Ireland,696,6.97,19.34,35-44,Low
2026-05-10,Northern Ireland,861,6.64,26.76,35-44,Medium
2026-05-11,Northern Ireland,433,7.65,29.58,18-24,Low
2026-05-12,Scotland,387,7.4,23.03,35-44,Medium
2026-05-13,Wales,686,3.51,20.06,45-54,Low
2026-05-14,Scotland,583,8.39,12.29,45-54,Medium
2026-05-15,Wales,541,2.0,30.76,18-24,Medium
2026-05-16,Scotland,535,2.58,30.92,18-24,Low
2026-05-17,Scotland,359,4.35,25.38,55+,Low
2026-05-18,England,180,6.11,14.51,18-24,Medium
2026-05-19,Northern Ireland,450,4.74,23.9,35-44,High
2026-05-20,Northern Ireland,1108,3.9,25.92,45-54,High
2026-05-21,Wales,404,6.75,19.38,35-44,High
2026-05-22,Wales,52,6.46,21.83,45-54,Low
2026-05-23,England,205,5.32,25.6,45-54,Medium
2026-05-24,Northern Ireland,1167,6.67,25.84,45-54,Low
2026-05-25,England,569,2.84,17.69,55+,High
2026-05-26,England,969,2.0,10.41,55+,High
2026-05-27,Scotland,137,3.26,23.8,55+,High
2026-05-28,England,521,5.5,26.79,25-34,Low
2026-05-29,Northern Ireland,770,4.33,25.19,35-44,Medium
2026-05-30,England,1124,6.79,24.02,35-44,Low
2026-05-31,England,402,2.75,33.8,55+,Medium
2026-06-01,Scotland,487,7.41,28.75,55+,Low
2026-06-02,Wales,695,5.24,25.64,45-54,High
2026-06-03,Wales,102,4.28,23.74,35-44,High
2026-06-04,Wales,317,4.0,26.0,18-24,High
2026-06-05,England,965,8.08,24.29,45-54,High
2026-06-06,England,611,3.3,20.78,35-44,High
2026-06-07,Wales,642,3.51,16.36,18-24,Medium
2026-06-08,Wales,400,7.66,23.87,35-44,Low
2026-06-09,Scotland,683,8.65,30.23,18-24,High
2026-06-10,Northern Ireland,887,3.24,22.72,55+,Low
2026-06-11,Scotland,55,7.49,25.96,25-34,Low
2026-06-12,Scotland,299,3.55,8.11,55+,Medium
2026-06-13,Northern Ireland,50,4.47,28.25,25-34,High
2026-06-14,Wales,1112,7.88,18.79,35-44,High
2026-06-15,England,467,2.0,23.82,45-54,Medium
2026-06-16,Northern Ireland,785,2.44,24.14,18-24,High
2026-06-17,Wales,882,9.37,24.78,55+,Low
2026-06-18,Scotland,65,7.34,16.01,25-34,Low
2026-06-19,England,710,7.48,25.67,55+,Low
2026-06-20,Northern Ireland,657,6.51,18.85,18-24,High
2026-06-21,Scotland,454,3.65,13.55,55+,High
2026-06-22,Wales,337,4.54,20.02,55+,Low
2026-06-23,Northern Ireland,105,6.9,24.81,55+,High
2026-06-24,Northern Ireland,175,2.0,21.58,18-24,High
2026-06-25,England,551,6.88,26.62,35-44,Medium
2026-06-26,Wales,174,5.58,17.53,45-54,Low
2026-06-27,Scotland,883,4.99,28.28,25-34,Medium
2026-06-28,Wales,979,7.41,29.54,45-54,Medium
2026-06-29,Scotland,940,5.08,12.17,45-54,High
2026-06-30,Northern Ireland,88,3.74,27.03,55+,Medium
2026-07-01,Wales,60,7.94,26.58,55+,Low
2026-07-02,England,348,4.77,23.44,35-44,High
2026-07-03,England,568,6.42,25.88,18-24,Low
2026-07-04,Wales,777,5.03,29.97,55+,High
2026-07-05,England,275,3.1,23.02,18-24,Medium
2026-07-06,Wales,732,6.02,30.07,35-44,Medium
2026-07-07,Wales,176,7.05,24.02,35-44,Medium
2026-07-08,England,568,5.3,29.6,35-44,Low
2026-07-09,England,493,4.9,25.36,45-54,Low
2026-07-10,Scotland,551,6.94,27.87,45-54,Medium
2026-07-11,Wales,950,4.29,23.09,25-34,High
2026-07-12,England,1175,6.1,22.49,25-34,High
2026-07-13,Scotland,63,2.0,22.27,25-34,High
2026-07-14,England,957,2.0,27.26,55+,Low
2026-07-15,England,862,7.19,19.9,25-34,Low
2026-07-16,Northern Ireland,516,7.45,22.15,25-34,High
2026-07-17,England,396,11.29,20.86,18-24,Low
2026-07-18,England,934,4.62,29.87,25-34,High
2026-07-19,Northern Ireland,177,3.72,26.68,45-54,High
2026-07-20,Scotland,387,4.27,26.6,55+,High
2026-07-21,Northern Ireland,581,5.36,22.17,18-24,High
2026-07-22,Wales,544,3.18,19.3,45-54,High
2026-07-23,Wales,626,4.25,24.43,25-34,Low
2026-07-24,Scotland,341,4.19,21.72,25-34,Medium
2026-07-25,England,1126,6.27,21.07,25-34,Low
2026-07-26,England,854,5.55,18.25,25-34,Low
2026-07-27,Scotland,763,5.03,15.11,35-44,Medium
2026-07-28,Scotland,1043,4.23,36.87,55+,Low
2026-07-29,England,715,8.57,23.32,25-34,High
2026-07-30,Wales,1040,9.81,23.83,45-54,Medium
2026-07-31,Northern Ireland,786,2.0,27.16,25-34,High
2026-08-01,Northern Ireland,1029,3.84,13.73,55+,High
2026-08-02,Scotland,430,6.05,25.04,18-24,High
2026-08-03,England,842,5.39,12.35,55+,Medium
2026-08-04,Wales,1001,5.12,27.66,55+,Low
2026-08-05,Wales,176,3.84,19.75,45-54,Medium
2026-08-06,Scotland,615,2.42,20.51,25-34,High
2026-08-07,Northern Ireland,286,4.45,15.28,18-24,Low
2026-08-08,England,1191,3.55,21.6,55+,Medium
2026-08-09,Northern Ireland,1083,5.56,25.83,35-44,Low
2026-08-10,England,848,3.83,12.86,18-24,Medium
2026-08-11,Northern Ireland,536,2.02,24.06,18-24,Low
2026-08-12,Scotland,1125,6.32,24.6,25-34,High
2026-08-13,England,1137,4.02,29.1,35-44,Medium
2026-08-14,Northern Ireland,928,5.52,28.86,55+,High
2026-08-15,Scotland,938,6.07,21.8,55+,Medium
2026-08-16,Northern Ireland,368,5.01,24.33,25-34,Medium
2026-08-17,Northern Ireland,567,6.67,20.32,18-24,High
2026-08-18,Scotland,781,5.79,12.27,25-34,Low
2026-08-19,England,1131,2.34,23.51,55+,High
2026-08-20,Scotland,1146,4.44,16.72,55+,High
2026-08-21,Wales,1038,4.92,20.31,55+,High
2026-08-22,Scotland,919,7.28,21.82,55+,Low
2026-08-23,Scotland,431,5.0,26.08,25-34,High
2026-08-24,Northern Ireland,957,3.51,31.98,35-44,Medium
2026-08-25,England,723,3.21,20.08,18-24,Low
2026-08-26,Northern Ireland,168,6.0,15.58,18-24,Medium
2026-08-27,Northern Ireland,57,9.3,31.03,35-44,Medium
2026-08-28,Wales,441,6.34,26.7,35-44,High
2026-08-29,Scotland,455,7.3,17.31,45-54,Medium
2026-08-30,Northern Ireland,1108,5.74,21.05,18-24,Low
2026-08-31,England,849,2.19,20.84,35-44,Medium
2026-09-01,Scotland,584,5.49,14.4,45-54,Low
2026-09-02,Scotland,1157,8.29,34.53,25-34,High
2026-09-03,Northern Ireland,173,4.13,22.08,25-34,High
2026-09-04,Northern Ireland,392,3.94,30.0,25-34,Medium
2026-09-05,England,911,2.0,28.01,45-54,Low
2026-09-06,Wales,198,4.21,14.18,35-44,Low
2026-09-07,Northern Ireland,160,3.15,17.58,45-54,Low
2026-09-08,Scotland,639,3.79,25.16,35-44,High
2026-09-09,Scotland,655,5.18,20.64,18-24,High
2026-09-10,Wales,291,3.64,25.85,18-24,Medium
2026-09-11,Northern Ireland,711,4.15,24.86,55+,High
2026-09-12,Scotland,1065,3.77,14.45,55+,Low
2026-09-13,Wales,379,3.39,24.02,45-54,High
2026-09-14,Northern Ireland,252,8.54,20.08,45-54,Medium
2026-09-15,Wales,1083,4.68,28.08,35-44,Low
2026-09-16,Northern Ireland,477,4.16,30.41,35-44,Low
2026-09-17,Scotland,1129,4.88,13.58,18-24,Low
2026-09-18,Northern Ireland,655,7.58,24.94,18-24,Medium
2026-09-19,Scotland,1065,6.11,26.42,45-54,Medium
2026-09-20,England,1183,3.49,30.45,35-44,High
2026-09-21,Scotland,517,2.7,17.81,55+,Medium
2026-09-22,England,1187,6.98,16.64,45-54,Medium
2026-09-23,Wales,760,4.9,23.33,55+,Low
2026-09-24,England,299,7.97,18.28,35-44,Low
2026-09-25,Wales,932,5.3,22.85,55+,Low
2026-09-26,England,64,4.59,29.85,45-54,Medium
2026-09-27,England,586,2.0,17.67,55+,Medium
2026-09-28,Wales,470,3.58,28.05,45-54,High
2026-09-29,Scotland,760,2.95,28.95,35-44,Low
2026-09-30,Scotland,1046,3.53,23.57,55+,Medium
2026-10-01,Wales,962,2.61,23.0,55+,Low
2026-10-02,Northern Ireland,813,3.47,23.18,18-24,Medium
2026-10-03,Wales,348,6.95,16.6,25-34,High
2026-10-04,Scotland,828,2.93,16.66,18-24,High
2026-10-05,Wales,1121,2.98,31.63,55+,High
2026-10-06,Northern Ireland,82,4.29,24.14,45-54,Low
2026-10-07,England,1110,8.66,27.34,45-54,Low
2026-10-08,Northern Ireland,650,6.27,20.82,55+,Medium
2026-10-09,Scotland,650,2.44,18.33,25-34,Medium
2026-10-10,Northern Ireland,491,7.34,16.07,45-54,High
2026-10-11,England,863,6.78,23.44,18-24,High
2026-10-12,Northern Ireland,925,3.64,22.01,55+,Low
2026-10-13,England,672,4.9,20.44,35-44,High
2026-10-14,Scotland,59,5.66,32.14,25-34,Medium
2026-10-15,Wales,961,6.93,23.85,25-34,High
2026-10-16,Wales,294,4.13,24.37,45-54,Low
2026-10-17,England,720,2.0,22.15,18-24,Medium
2026-10-18,Scotland,859,5.88,30.75,25-34,Medium
2026-10-19,England,95,8.25,35.55,25-34,High
2026-10-20,England,750,5.19,24.02,45-54,Medium
2026-10-21,Northern Ireland,749,7.55,15.83,18-24,Medium
2026-10-22,Scotland,423,3.62,27.89,45-54,Low
2026-10-23,Wales,905,6.24,19.12,55+,High
2026-10-24,Wales,147,4.4,26.97,18-24,Medium
2026-10-25,Northern Ireland,697,2.77,18.41,25-34,Low
2026-10-26,Northern Ireland,289,6.37,26.55,35-44,High
2026-10-27,Scotland,1096,5.28,23.52,35-44,High
2026-10-28,England,1192,4.78,21.46,45-54,Medium
2026-10-29,England,723,5.11,26.36,45-54,High
2026-10-30,Wales,895,3.22,28.07,45-54,High
2026-10-31,Scotland,1192,2.0,20.63,18-24,Low
2026-11-01,Wales,90,3.73,12.84,18-24,Medium
2026-11-02,Northern Ireland,131,7.14,24.09,25-34,High
2026-11-03,Northern Ireland,1015,6.96,19.93,18-24,High
2026-11-04,Northern Ireland,70,5.26,17.73,55+,Low
2026-11-05,Wales,1068,2.0,16.25,25-34,High
2026-11-06,Scotland,930,3.34,26.67,18-24,Medium
2026-11-07,Northern Ireland,970,5.08,22.96,35-44,Medium
2026-11-08,Northern Ireland,117,5.09,19.36,45-54,Medium
2026-11-09,England,1026,5.42,19.98,25-34,High
2026-11-10,Northern Ireland,540,7.28,26.23,55+,Medium
2026-11-11,Scotland,171,4.39,19.77,35-44,High
2026-11-12,Scotland,984,8.87,18.84,55+,Low
2026-11-13,Wales,197,3.98,24.49,55+,Medium
2026-11-14,England,493,2.0,26.45,25-34,Low
2026-11-15,England,811,3.36,19.82,25-34,High
2026-11-16,Wales,163,3.38,15.37,25-34,Low
2026-11-17,Scotland,878,5.17,33.04,35-44,Medium
2026-11-18,Northern Ireland,446,8.02,25.82,18-24,High
2026-11-19,Wales,280,6.14,36.69,25-34,High
2026-11-20,England,1098,3.63,20.84,35-44,High
2026-11-21,Wales,918,4.92,21.11,45-54,Low
2026-11-22,Wales,893,2.0,16.39,18-24,Low
2026-11-23,England,119,6.36,24.24,45-54,Medium
2026-11-24,Wales,512,5.39,14.25,35-44,Medium
2026-11-25,Wales,96,6.55,21.68,25-34,High
2026-11-26,Wales,722,2.0,25.64,55+,Medium
2026-11-27,Scotland,611,4.92,20.79,45-54,High
2026-11-28,Scotland,304,2.73,18.02,25-34,Medium
2026-11-29,Wales,639,4.26,16.55,55+,High
2026-11-30,England,962,4.25,20.91,18-24,High
2026-12-01,Scotland,402,4.43,25.93,25-34,Low
2026-12-02,Wales,1022,3.65,18.75,25-34,High
2026-12-03,Northern Ireland,777,3.93,22.17,25-34,Low
2026-12-04,Scotland,621,4.03,29.45,45-54,High
2026-12-05,Scotland,1149,4.75,17.18,45-54,Low
2026-12-06,Scotland,918,5.01,24.93,45-54,Medium
2026-12-07,Scotland,838,7.73,24.64,35-44,Low
2026-12-08,Northern Ireland,432,5.36,18.6,35-44,High
2026-12-09,Wales,1138,6.6,15.88,45-54,Low
2026-12-10,Wales,197,4.6,28.95,55+,Medium
2026-12-11,Scotland,1120,4.8,23.08,18-24,Low
2026-12-12,Wales,721,6.67,15.66,35-44,Medium
2026-12-13,England,605,6.35,19.08,25-34,Low
2026-12-14,Wales,968,4.91,18.78,55+,High
2026-12-15,England,869,3.67,20.82,25-34,Low
2026-12-16,Northern Ireland,260,5.0,27.72,45-54,High
2026-12-17,Wales,968,5.05,22.14,35-44,Low
2026-12-18,Northern Ireland,1107,3.14,22.45,35-44,Low
2026-12-19,Northern Ireland,340,7.61,20.03,35-44,Medium
2026-12-20,Wales,868,4.61,17.47,45-54,High
2026-12-21,Northern Ireland,214,2.76,21.8,55+,Medium
2026-12-22,England,332,2.23,22.71,45-54,High
2026-12-23,Northern Ireland,90,5.96,31.45,25-34,High
2026-12-24,Northern Ireland,513,4.19,21.77,45-54,High
2026-12-25,Northern Ireland,171,5.08,28.43,18-24,High
2026-12-26,Scotland,964,7.42,17.35,18-24,Medium
2026-12-27,Scotland,278,3.49,23.38,55+,High
2026-12-28,Northern Ireland,478,4.87,18.45,55+,High
2026-12-29,Wales,999,8.93,22.88,35-44,Low
2026-12-30,Wales,95,6.66,26.32,55+,Medium
2026-12-31,Wales,433,5.49,23.79,55+,High
2027-01-01,Scotland,672,5.51,26.07,55+,Medium
2027-01-02,Scotland,584,6.73,18.7,35-44,Low
2027-01-03,Northern Ireland,149,3.87,14.29,55+,Medium
2027-01-04,Scotland,182,4.62,28.47,45-54,High
2027-01-05,Scotland,818,4.65,20.45,35-44,High
2027-01-06,England,533,4.93,24.14,18-24,Medium
2027-01-07,Wales,921,5.11,23.41,45-54,High
2027-01-08,Wales,421,4.13,22.79,55+,Medium
2027-01-09,Wales,933,6.34,30.78,35-44,Medium
2027-01-10,Scotland,483,5.24,28.35,55+,Low
2027-01-11,Northern Ireland,294,4.77,21.33,35-44,Medium
2027-01-12,England,706,5.95,23.21,25-34,High
2027-01-13,Wales,561,7.54,15.1,55+,Medium
2027-01-14,England,445,2.27,20.7,35-44,High
2027-01-15,Wales,583,5.69,12.7,45-54,High
2027-01-16,Northern Ireland,450,4.58,14.59,25-34,High
2027-01-17,Scotland,437,3.3,27.69,35-44,Medium
2027-01-18,England,69,4.28,18.33,18-24,High
2027-01-19,Wales,308,2.29,20.63,18-24,Medium
2027-01-20,Northern Ireland,116,5.04,24.04,55+,Medium
2027-01-21,Scotland,510,8.35,20.58,25-34,High
2027-01-22,Scotland,1081,7.26,25.91,35-44,Medium
2027-01-23,England,394,4.62,21.5,55+,Low
2027-01-24,England,53,4.85,31.14,18-24,High
2027-01-25,Scotland,122,4.04,20.69,35-44,High
2027-01-26,Scotland,149,4.23,16.9,45-54,Low
2027-01-27,England,1115,6.23,20.11,25-34,Medium
2027-01-28,Wales,168,4.33,15.05,35-44,Low
2027-01-29,Scotland,154,7.26,21.81,55+,High
2027-01-30,England,64,7.72,23.07,45-54,Low
2027-01-31,Wales,441,5.45,18.84,45-54,Low
2027-02-01,England,287,7.71,25.66,25-34,Low
2027-02-02,England,1042,5.41,25.39,25-34,Low
2027-02-03,Scotland,1140,6.3,23.32,35-44,Medium
2027-02-04,Northern Ireland,571,3.22,30.12,25-34,High
2027-02-05,Northern Ireland,359,5.32,8.03,18-24,Medium
2027-02-06,England,1024,2.0,19.49,35-44,Medium
2027-02-07,Scotland,596,4.38,24.91,18-24,Low
2027-02-08,Scotland,354,10.28,29.88,45-54,High
2027-02-09,Northern Ireland,934,5.41,15.08,55+,Low
2027-02-10,Scotland,1154,7.06,25.48,35-44,Low
2027-02-11,England,537,6.58,28.59,25-34,Low
2027-02-12,England,591,4.46,14.55,55+,Low
2027-02-13,Wales,200,2.0,19.13,45-54,High
2027-02-14,Wales,1149,7.5,20.91,35-44,High
2027-02-15,England,1190,5.39,9.5,55+,Low
2027-02-16,Northern Ireland,473,5.72,21.63,25-34,High
2027-02-17,Northern Ireland,933,2.0,23.26,45-54,Low
2027-02-18,Wales,1087,2.0,20.02,55+,High
2027-02-19,Scotland,553,3.91,26.18,45-54,Low
2027-02-20,England,1143,4.71,16.65,35-44,High
2027-02-21,Northern Ireland,556,8.42,20.2,18-24,High
2027-02-22,Northern Ireland,1075,4.61,30.93,55+,Medium
2027-02-23,Wales,983,4.29,19.85,35-44,Medium
2027-02-24,England,414,4.07,21.29,18-24,High
2027-02-25,England,157,5.02,23.08,45-54,Medium
2027-02-26,England,100,3.13,16.91,45-54,Low
2027-02-27,Northern Ireland,848,4.23,28.28,25-34,High
2027-02-28,Scotland,693,3.03,24.24,25-34,Low
2027-03-01,Wales,337,4.65,24.5,25-34,Medium
2027-03-02,Scotland,1075,5.26,26.05,25-34,Low
2027-03-03,England,223,7.19,20.08,18-24,Medium
2027-03-04,England,552,3.35,12.94,25-34,Low
2027-03-05,Northern Ireland,80,2.34,21.67,18-24,Medium
2027-03-06,Scotland,115,5.03,12.02,18-24,Low
2027-03-07,Wales,281,3.33,19.27,18-24,Low
2027-03-08,Scotland,566,7.71,28.97,25-34,High
2027-03-09,Scotland,702,3.05,20.83,35-44,Low
2027-03-10,Wales,756,5.23,11.43,25-34,Low
2027-03-11,Wales,792,4.93,22.16,18-24,High
2027-03-12,Scotland,105,2.53,27.45,25-34,Medium
2027-03-13,Wales,925,5.47,23.44,35-44,Low
2027-03-14,Scotland,833,4.58,18.34,45-54,Medium
2027-03-15,England,268,3.78,26.53,35-44,Medium
2027-03-16,Scotland,1070,6.06,23.14,25-34,Medium
2027-03-17,Wales,992,4.15,25.37,35-44,Medium
2027-03-18,Wales,873,7.66,31.58,18-24,Low
2027-03-19,Wales,98,5.91,24.55,18-24,Low
2027-03-20,Wales,696,4.43,26.25,35-44,Low
2027-03-21,England,549,4.3,23.81,25-34,Low
2027-03-22,Scotland,148,5.42,17.87,18-24,Low
2027-03-23,Scotland,642,6.35,18.01,55+,Low
2027-03-24,Scotland,447,2.06,25.34,25-34,Low
2027-03-25,Northern Ireland,185,3.73,21.8,55+,Low
2027-03-26,Scotland,449,3.32,22.13,18-24,High
2027-03-27,Northern Ireland,117,3.65,19.5,45-54,High
2027-03-28,Scotland,469,3.57,20.07,18-24,Low
2027-03-29,England,819,3.61,15.8,55+,Medium
2027-03-30,England,776,2.0,29.57,45-54,Medium
2027-03-31,Northern Ireland,1058,6.64,29.21,55+,Medium
2027-04-01,Scotland,292,3.97,14.73,45-54,Medium
2027-04-02,Wales,490,4.75,10.27,55+,Low
2027-04-03,England,72,7.56,12.76,25-34,Medium
2027-04-04,England,85,4.2,27.07,55+,Medium
2027-04-05,Scotland,1033,4.76,15.88,25-34,Medium
2027-04-06,Scotland,794,3.7,18.48,55+,Medium
2027-04-07,England,493,6.4,19.29,18-24,High
2027-04-08,Scotland,1007,4.63,25.99,25-34,High
2027-04-09,Wales,328,6.74,21.54,45-54,Low
2027-04-10,Scotland,613,4.59,21.37,18-24,Medium
2027-04-11,Scotland,1160,5.43,30.39,18-24,Low
2027-04-12,England,1162,5.48,26.23,45-54,High
2027-04-13,England,1118,4.22,25.95,55+,Medium
2027-04-14,England,970,5.57,24.65,25-34,Medium
2027-04-15,England,105,6.66,23.99,18-24,Medium
2027-04-16,England,209,5.84,19.18,55+,High
2027-04-17,Northern Ireland,413,6.5,24.69,55+,High
2027-04-18,Scotland,1195,8.43,20.63,55+,High
2027-04-19,Northern Ireland,288,4.66,20.22,18-24,High
2027-04-20,England,977,3.3,18.32,35-44,High
2027-04-21,England,980,2.75,22.84,55+,Low
2027-04-22,Northern Ireland,111,7.32,21.63,55+,High
2027-04-23,Scotland,864,2.8,29.19,18-24,Low
2027-04-24,Wales,372,6.94,20.04,25-34,Medium
2027-04-25,England,940,8.75,19.6,18-24,High
2027-04-26,Scotland,895,7.58,22.36,18-24,Medium
2027-04-27,Northern Ireland,301,6.07,22.17,45-54,Medium
2027-04-28,Scotland,219,2.0,23.67,35-44,High
2027-04-29,Wales,589,6.76,27.12,55+,Low
2027-04-30,Scotland,260,6.28,23.48,25-34,High
2027-05-01,Scotland,941,2.44,15.44,18-24,Low
2027-05-02,England,1167,8.29,27.2,55+,Medium
2027-05-03,Wales,306,5.33,23.63,18-24,Medium
2027-05-04,Northern Ireland,382,7.92,32.11,18-24,High
2027-05-05,Northern Ireland,677,5.62,22.86,18-24,High
2027-05-06,Northern Ireland,1113,6.01,21.72,18-24,Low
2027-05-07,Northern Ireland,902,5.32,22.99,55+,High
2027-05-08,Wales,248,7.71,15.97,55+,High
2027-05-09,Wales,573,3.51,18.37,25-34,Medium
2027-05-10,Wales,913,3.47,23.24,35-44,Medium
2027-05-11,Northern Ireland,1099,2.53,26.42,55+,Medium
2027-05-12,Scotland,458,2.0,21.34,18-24,Low
2027-05-13,Wales,230,3.5,17.01,35-44,Medium
2027-05-14,England,68,6.13,15.09,25-34,High
2027-05-15,Scotland,235,5.2,17.71,18-24,High
2027-05-16,Scotland,103,4.57,23.22,25-34,Low
2027-05-17,Northern Ireland,93,6.08,17.29,25-34,Low
2027-05-18,Wales,541,7.21,19.53,55+,Medium
2027-05-19,Scotland,266,6.29,21.73,35-44,Medium
2027-05-20,Northern Ireland,305,6.23,16.64,35-44,High
2027-05-21,Wales,305,6.42,21.37,55+,High
2027-05-22,England,903,6.62,23.14,25-34,High
2027-05-23,Wales,599,8.47,25.37,18-24,High
2027-05-24,England,596,3.85,17.13,18-24,Medium
2027-05-25,Northern Ireland,1137,3.82,13.2,18-24,High
2027-05-26,Scotland,1085,6.2,26.85,25-34,Low
2027-05-27,England,576,7.36,25.66,18-24,Low
2027-05-28,Wales,1163,3.74,19.29,35-44,Low
2027-05-29,Wales,603,3.52,19.49,35-44,Medium
2027-05-30,Northern Ireland,243,3.95,26.76,35-44,High
2027-05-31,Wales,466,2.0,23.68,45-54,Low
2027-06-01,Wales,678,6.72,29.64,45-54,Medium
2027-06-02,England,64,2.05,10.03,55+,High
2027-06-03,England,382,2.0,24.77,45-54,Low
2027-06-04,England,74,5.8,21.72,55+,Low
2027-06-05,Northern Ireland,855,4.59,20.9,45-54,Low
2027-06-06,Wales,1063,5.0,18.96,45-54,Low
2027-06-07,England,1165,2.0,19.72,18-24,High
2027-06-08,Scotland,992,6.74,25.25,25-34,High
2027-06-09,Scotland,245,4.99,28.12,18-24,Medium
2027-06-10,Wales,977,4.63,21.1,18-24,Low
2027-06-11,England,967,5.35,26.18,25-34,Low
2027-06-12,Wales,1166,6.77,18.41,18-24,Medium
2027-06-13,Wales,757,6.81,19.65,25-34,Low
2027-06-14,Northern Ireland,128,3.54,23.92,45-54,High
2027-06-15,England,661,3.35,18.86,55+,Medium
2027-06-16,England,781,7.05,23.49,55+,Medium
2027-06-17,Wales,646,2.77,13.36,35-44,Medium
2027-06-18,Northern Ireland,774,5.11,29.44,25-34,High
2027-06-19,Wales,437,5.59,25.09,25-34,High
2027-06-20,Northern Ireland,264,7.14,26.22,55+,Low
2027-06-21,Scotland,1040,4.33,23.94,25-34,High
2027-06-22,Scotland,528,3.05,17.86,35-44,Low
2027-06-23,England,349,3.66,15.5,18-24,Low
2027-06-24,England,669,6.81,13.98,18-24,Low
2027-06-25,Northern Ireland,688,5.34,9.55,25-34,Medium
2027-06-26,Wales,274,4.43,23.86,45-54,Medium
2027-06-27,Scotland,1158,7.81,16.31,35-44,Medium
2027-06-28,England,1158,2.77,21.04,45-54,High
2027-06-29,England,826,5.7,24.99,55+,Low
2027-06-30,Wales,571,7.98,26.45,18-24,High
2027-07-01,England,1140,2.0,18.76,25-34,High
2027-07-02,England,421,2.0,20.13,18-24,High
2027-07-03,Northern Ireland,932,4.77,26.77,25-34,High
2027-07-04,Scotland,597,8.84,22.49,45-54,High
2027-07-05,England,582,5.4,16.82,35-44,Medium
2027-07-06,Scotland,809,4.16,22.85,25-34,High
2027-07-07,Wales,780,4.05,18.13,18-24,High
2027-07-08,Northern Ireland,648,3.39,23.5,55+,Medium
2027-07-09,England,975,4.47,24.73,25-34,Medium
2027-07-10,Scotland,520,2.94,16.64,18-24,High
2027-07-11,England,540,3.26,16.47,55+,High
2027-07-12,Wales,249,3.14,6.8,18-24,Low
2027-07-13,England,291,9.51,17.41,18-24,Medium
2027-07-14,Wales,629,5.21,22.51,18-24,High
2027-07-15,Scotland,576,4.25,17.37,45-54,Low
2027-07-16,Wales,848,2.48,20.56,25-34,Medium
2027-07-17,Northern Ireland,581,4.58,13.68,35-44,Low
2027-07-18,England,749,3.14,22.16,25-34,Medium
2027-07-19,Northern Ireland,660,4.97,24.78,35-44,High
2027-07-20,Northern Ireland,190,6.47,17.9,35-44,Medium
2027-07-21,England,1194,3.51,16.74,45-54,High
2027-07-22,Wales,75,5.7,12.79,25-34,Low
2027-07-23,England,1011,4.43,14.8,35-44,Medium
2027-07-24,Wales,940,4.76,24.57,35-44,Low
2027-07-25,England,853,2.55,7.89,45-54,Low
2027-07-26,Northern Ireland,746,5.31,18.08,25-34,High
2027-07-27,England,453,6.02,27.73,25-34,High
2027-07-28,Wales,702,3.0,15.31,45-54,Low
2027-07-29,Wales,767,5.15,27.1,18-24,Medium
2027-07-30,Northern Ireland,440,8.19,25.5,18-24,Low
2027-07-31,Wales,1193,7.49,22.18,55+,Low
2027-08-01,Scotland,904,7.21,16.79,18-24,Low
2027-08-02,Scotland,908,6.41,15.24,35-44,Medium
2027-08-03,Scotland,638,8.12,20.89,25-34,Low
2027-08-04,Wales,172,6.7,23.72,45-54,Low
2027-08-05,Northern Ireland,382,3.17,32.02,35-44,Low
2027-08-06,Scotland,600,9.51,20.86,35-44,Low
2027-08-07,Scotland,461,3.62,24.79,35-44,High
2027-08-08,Wales,565,4.41,20.05,55+,Medium
2027-08-09,Scotland,272,8.06,22.36,25-34,Medium
2027-08-10,Scotland,690,5.86,24.05,45-54,High
2027-08-11,Northern Ireland,256,4.3,21.58,35-44,Low
2027-08-12,Northern Ireland,80,2.58,15.71,55+,High
2027-08-13,Wales,952,7.28,19.1,18-24,Low
2027-08-14,Northern Ireland,99,7.52,16.08,55+,High
2027-08-15,Scotland,949,5.37,15.79,35-44,Low
2027-08-16,England,231,4.11,27.41,25-34,High
2027-08-17,England,1062,6.28,22.24,18-24,Medium
2027-08-18,Scotland,487,4.15,24.35,45-54,Medium
2027-08-19,Northern Ireland,758,5.77,23.24,25-34,Medium
2027-08-20,Wales,491,6.0,16.08,35-44,Medium
2027-08-21,Wales,470,4.91,18.48,18-24,Medium
2027-08-22,Northern Ireland,856,3.06,12.49,18-24,Medium
2027-08-23,Northern Ireland,565,6.8,24.94,55+,Low
2027-08-24,England,443,3.68,25.25,25-34,High
2027-08-25,Northern Ireland,1177,6.21,22.32,18-24,Medium
2027-08-26,England,1136,2.0,24.02,25-34,High
2027-08-27,Wales,489,6.08,24.4,45-54,High
2027-08-28,Scotland,322,2.81,24.21,25-34,High
2027-08-29,Scotland,798,3.39,25.09,35-44,High
2027-08-30,England,1093,5.52,17.28,45-54,Low
2027-08-31,Wales,946,3.76,24.67,55+,Low
2027-09-01,Northern Ireland,806,6.22,26.7,55+,Low
2027-09-02,England,192,3.57,17.37,55+,Medium
2027-09-03,England,601,2.03,32.76,25-34,Low
2027-09-04,Scotland,938,5.3,23.2,18-24,Medium
2027-09-05,Northern Ireland,50,8.78,19.31,35-44,Low
2027-09-06,Wales,576,5.91,27.97,55+,High
2027-09-07,Wales,962,8.65,25.81,25-34,Low
2027-09-08,Northern Ireland,736,3.99,22.64,25-34,Medium
2027-09-09,Scotland,885,5.4,19.19,18-24,Medium
2027-09-10,Northern Ireland,272,9.29,28.54,18-24,High
2027-09-11,Wales,227,7.26,23.84,18-24,Medium
2027-09-12,Wales,324,8.46,27.86,55+,High
2027-09-13,Wales,747,7.4,25.61,25-34,Low
2027-09-14,England,533,9.12,18.72,18-24,Low
2027-09-15,Wales,258,4.64,21.05,25-34,Low
2027-09-16,England,248,6.27,18.76,18-24,Low
2027-09-17,Northern Ireland,640,2.0,15.05,55+,Low
2027-09-18,Wales,441,4.54,32.47,35-44,Low
2027-09-19,Wales,478,4.74,27.27,35-44,Low
2027-09-20,Northern Ireland,1143,5.53,27.45,25-34,High
2027-09-21,Wales,110,7.24,24.89,45-54,Medium
2027-09-22,England,850,2.96,26.91,35-44,High
2027-09-23,Scotland,261,7.71,26.13,25-34,Medium
2027-09-24,England,1051,4.59,34.04,25-34,High
2027-09-25,Scotland,334,2.0,20.77,55+,Low
2027-09-26,England,309,5.71,22.02,55+,Medium
2027-09-27,Scotland,813,7.2,20.91,35-44,Low
